--
-- PostgreSQL database dump
--

-- Dumped from database version 9.6.1
-- Dumped by pg_dump version 9.6.1

SET statement_timeout = 0;
SET lock_timeout = 0;
SET idle_in_transaction_session_timeout = 0;
SET client_encoding = 'UTF8';
SET standard_conforming_strings = on;
SET check_function_bodies = false;
SET client_min_messages = warning;
SET row_security = off;

--
-- Name: plpgsql; Type: EXTENSION; Schema: -; Owner: 
--

CREATE EXTENSION IF NOT EXISTS plpgsql WITH SCHEMA pg_catalog;


--
-- Name: EXTENSION plpgsql; Type: COMMENT; Schema: -; Owner: 
--

COMMENT ON EXTENSION plpgsql IS 'PL/pgSQL procedural language';


SET search_path = public, pg_catalog;

SET default_tablespace = '';

SET default_with_oids = false;

--
-- Name: banners; Type: TABLE; Schema: public; Owner: postgres
--

CREATE TABLE banners (
    id integer NOT NULL,
    image_file_name character varying,
    image_content_type character varying,
    image_file_size integer,
    image_updated_at timestamp without time zone,
    created_at timestamp without time zone NOT NULL,
    updated_at timestamp without time zone NOT NULL,
    category_id integer,
    keyword character varying
);


ALTER TABLE banners OWNER TO postgres;

--
-- Name: banners_id_seq; Type: SEQUENCE; Schema: public; Owner: postgres
--

CREATE SEQUENCE banners_id_seq
    START WITH 1
    INCREMENT BY 1
    NO MINVALUE
    NO MAXVALUE
    CACHE 1;


ALTER TABLE banners_id_seq OWNER TO postgres;

--
-- Name: banners_id_seq; Type: SEQUENCE OWNED BY; Schema: public; Owner: postgres
--

ALTER SEQUENCE banners_id_seq OWNED BY banners.id;


--
-- Name: blogs; Type: TABLE; Schema: public; Owner: postgres
--

CREATE TABLE blogs (
    id integer NOT NULL,
    name character varying,
    description text,
    image_file_name character varying,
    image_content_type character varying,
    image_file_size integer,
    image_updated_at timestamp without time zone,
    created_at timestamp without time zone NOT NULL,
    updated_at timestamp without time zone NOT NULL
);


ALTER TABLE blogs OWNER TO postgres;

--
-- Name: blogs_id_seq; Type: SEQUENCE; Schema: public; Owner: postgres
--

CREATE SEQUENCE blogs_id_seq
    START WITH 1
    INCREMENT BY 1
    NO MINVALUE
    NO MAXVALUE
    CACHE 1;


ALTER TABLE blogs_id_seq OWNER TO postgres;

--
-- Name: blogs_id_seq; Type: SEQUENCE OWNED BY; Schema: public; Owner: postgres
--

ALTER SEQUENCE blogs_id_seq OWNED BY blogs.id;


--
-- Name: cart_items; Type: TABLE; Schema: public; Owner: postgres
--

CREATE TABLE cart_items (
    id integer NOT NULL,
    cart_id integer,
    product_id integer,
    qty integer,
    price integer,
    created_at timestamp without time zone NOT NULL,
    updated_at timestamp without time zone NOT NULL,
    size integer,
    color integer,
    height integer,
    custom_mesurement_id integer,
    custom_mesurment_id integer,
    productcolor_id integer,
    color_id integer
);


ALTER TABLE cart_items OWNER TO postgres;

--
-- Name: cart_items_customoptionimages; Type: TABLE; Schema: public; Owner: postgres
--

CREATE TABLE cart_items_customoptionimages (
    id integer NOT NULL,
    cart_item_id integer,
    customoptionimage_id integer,
    created_at timestamp without time zone NOT NULL,
    updated_at timestamp without time zone NOT NULL
);


ALTER TABLE cart_items_customoptionimages OWNER TO postgres;

--
-- Name: cart_items_customoptionimages_id_seq; Type: SEQUENCE; Schema: public; Owner: postgres
--

CREATE SEQUENCE cart_items_customoptionimages_id_seq
    START WITH 1
    INCREMENT BY 1
    NO MINVALUE
    NO MAXVALUE
    CACHE 1;


ALTER TABLE cart_items_customoptionimages_id_seq OWNER TO postgres;

--
-- Name: cart_items_customoptionimages_id_seq; Type: SEQUENCE OWNED BY; Schema: public; Owner: postgres
--

ALTER SEQUENCE cart_items_customoptionimages_id_seq OWNED BY cart_items_customoptionimages.id;


--
-- Name: cart_items_id_seq; Type: SEQUENCE; Schema: public; Owner: postgres
--

CREATE SEQUENCE cart_items_id_seq
    START WITH 1
    INCREMENT BY 1
    NO MINVALUE
    NO MAXVALUE
    CACHE 1;


ALTER TABLE cart_items_id_seq OWNER TO postgres;

--
-- Name: cart_items_id_seq; Type: SEQUENCE OWNED BY; Schema: public; Owner: postgres
--

ALTER SEQUENCE cart_items_id_seq OWNED BY cart_items.id;


--
-- Name: cartitemcustomoptions; Type: TABLE; Schema: public; Owner: postgres
--

CREATE TABLE cartitemcustomoptions (
    id integer NOT NULL,
    cart_id integer,
    customoptionimages_id integer,
    created_at timestamp without time zone NOT NULL,
    updated_at timestamp without time zone NOT NULL
);


ALTER TABLE cartitemcustomoptions OWNER TO postgres;

--
-- Name: cartitemcustomoptions_id_seq; Type: SEQUENCE; Schema: public; Owner: postgres
--

CREATE SEQUENCE cartitemcustomoptions_id_seq
    START WITH 1
    INCREMENT BY 1
    NO MINVALUE
    NO MAXVALUE
    CACHE 1;


ALTER TABLE cartitemcustomoptions_id_seq OWNER TO postgres;

--
-- Name: cartitemcustomoptions_id_seq; Type: SEQUENCE OWNED BY; Schema: public; Owner: postgres
--

ALTER SEQUENCE cartitemcustomoptions_id_seq OWNED BY cartitemcustomoptions.id;


--
-- Name: carts; Type: TABLE; Schema: public; Owner: postgres
--

CREATE TABLE carts (
    id integer NOT NULL,
    created_at timestamp without time zone NOT NULL,
    updated_at timestamp without time zone NOT NULL,
    respmsg character varying,
    txnstatus character varying,
    user_id integer,
    paytmresp text,
    cod boolean DEFAULT false
);


ALTER TABLE carts OWNER TO postgres;

--
-- Name: carts_customoptionimages; Type: TABLE; Schema: public; Owner: postgres
--

CREATE TABLE carts_customoptionimages (
    id integer NOT NULL,
    cart_id integer,
    customoptionimage_id integer,
    created_at timestamp without time zone NOT NULL,
    updated_at timestamp without time zone NOT NULL
);


ALTER TABLE carts_customoptionimages OWNER TO postgres;

--
-- Name: carts_customoptionimages_id_seq; Type: SEQUENCE; Schema: public; Owner: postgres
--

CREATE SEQUENCE carts_customoptionimages_id_seq
    START WITH 1
    INCREMENT BY 1
    NO MINVALUE
    NO MAXVALUE
    CACHE 1;


ALTER TABLE carts_customoptionimages_id_seq OWNER TO postgres;

--
-- Name: carts_customoptionimages_id_seq; Type: SEQUENCE OWNED BY; Schema: public; Owner: postgres
--

ALTER SEQUENCE carts_customoptionimages_id_seq OWNED BY carts_customoptionimages.id;


--
-- Name: carts_id_seq; Type: SEQUENCE; Schema: public; Owner: postgres
--

CREATE SEQUENCE carts_id_seq
    START WITH 1
    INCREMENT BY 1
    NO MINVALUE
    NO MAXVALUE
    CACHE 1;


ALTER TABLE carts_id_seq OWNER TO postgres;

--
-- Name: carts_id_seq; Type: SEQUENCE OWNED BY; Schema: public; Owner: postgres
--

ALTER SEQUENCE carts_id_seq OWNED BY carts.id;


--
-- Name: categories; Type: TABLE; Schema: public; Owner: postgres
--

CREATE TABLE categories (
    id integer NOT NULL,
    name character varying,
    created_at timestamp without time zone NOT NULL,
    updated_at timestamp without time zone NOT NULL,
    parent_id integer,
    "position" integer,
    slug character varying
);


ALTER TABLE categories OWNER TO postgres;

--
-- Name: categories_id_seq; Type: SEQUENCE; Schema: public; Owner: postgres
--

CREATE SEQUENCE categories_id_seq
    START WITH 1
    INCREMENT BY 1
    NO MINVALUE
    NO MAXVALUE
    CACHE 1;


ALTER TABLE categories_id_seq OWNER TO postgres;

--
-- Name: categories_id_seq; Type: SEQUENCE OWNED BY; Schema: public; Owner: postgres
--

ALTER SEQUENCE categories_id_seq OWNED BY categories.id;


--
-- Name: categorizations; Type: TABLE; Schema: public; Owner: postgres
--

CREATE TABLE categorizations (
    id integer NOT NULL,
    product_id integer,
    category_id integer,
    created_at timestamp without time zone NOT NULL,
    updated_at timestamp without time zone NOT NULL
);


ALTER TABLE categorizations OWNER TO postgres;

--
-- Name: categorizations_id_seq; Type: SEQUENCE; Schema: public; Owner: postgres
--

CREATE SEQUENCE categorizations_id_seq
    START WITH 1
    INCREMENT BY 1
    NO MINVALUE
    NO MAXVALUE
    CACHE 1;


ALTER TABLE categorizations_id_seq OWNER TO postgres;

--
-- Name: categorizations_id_seq; Type: SEQUENCE OWNED BY; Schema: public; Owner: postgres
--

ALTER SEQUENCE categorizations_id_seq OWNED BY categorizations.id;


--
-- Name: colors; Type: TABLE; Schema: public; Owner: postgres
--

CREATE TABLE colors (
    id integer NOT NULL,
    name character varying,
    created_at timestamp without time zone NOT NULL,
    updated_at timestamp without time zone NOT NULL
);


ALTER TABLE colors OWNER TO postgres;

--
-- Name: colors_id_seq; Type: SEQUENCE; Schema: public; Owner: postgres
--

CREATE SEQUENCE colors_id_seq
    START WITH 1
    INCREMENT BY 1
    NO MINVALUE
    NO MAXVALUE
    CACHE 1;


ALTER TABLE colors_id_seq OWNER TO postgres;

--
-- Name: colors_id_seq; Type: SEQUENCE OWNED BY; Schema: public; Owner: postgres
--

ALTER SEQUENCE colors_id_seq OWNED BY colors.id;


--
-- Name: colors_products; Type: TABLE; Schema: public; Owner: postgres
--

CREATE TABLE colors_products (
    id integer NOT NULL,
    product_id integer,
    color_id integer,
    created_at timestamp without time zone NOT NULL,
    updated_at timestamp without time zone NOT NULL
);


ALTER TABLE colors_products OWNER TO postgres;

--
-- Name: colors_products_id_seq; Type: SEQUENCE; Schema: public; Owner: postgres
--

CREATE SEQUENCE colors_products_id_seq
    START WITH 1
    INCREMENT BY 1
    NO MINVALUE
    NO MAXVALUE
    CACHE 1;


ALTER TABLE colors_products_id_seq OWNER TO postgres;

--
-- Name: colors_products_id_seq; Type: SEQUENCE OWNED BY; Schema: public; Owner: postgres
--

ALTER SEQUENCE colors_products_id_seq OWNED BY colors_products.id;


--
-- Name: contact_forms; Type: TABLE; Schema: public; Owner: postgres
--

CREATE TABLE contact_forms (
    id integer NOT NULL,
    name character varying,
    email character varying,
    message text,
    created_at timestamp without time zone NOT NULL,
    updated_at timestamp without time zone NOT NULL
);


ALTER TABLE contact_forms OWNER TO postgres;

--
-- Name: contact_forms_id_seq; Type: SEQUENCE; Schema: public; Owner: postgres
--

CREATE SEQUENCE contact_forms_id_seq
    START WITH 1
    INCREMENT BY 1
    NO MINVALUE
    NO MAXVALUE
    CACHE 1;


ALTER TABLE contact_forms_id_seq OWNER TO postgres;

--
-- Name: contact_forms_id_seq; Type: SEQUENCE OWNED BY; Schema: public; Owner: postgres
--

ALTER SEQUENCE contact_forms_id_seq OWNED BY contact_forms.id;


--
-- Name: coupon_codes; Type: TABLE; Schema: public; Owner: postgres
--

CREATE TABLE coupon_codes (
    id integer NOT NULL,
    coupon_code character varying,
    reedemed boolean,
    percentage integer,
    created_at timestamp without time zone NOT NULL,
    updated_at timestamp without time zone NOT NULL,
    cart_id integer
);


ALTER TABLE coupon_codes OWNER TO postgres;

--
-- Name: coupon_codes_id_seq; Type: SEQUENCE; Schema: public; Owner: postgres
--

CREATE SEQUENCE coupon_codes_id_seq
    START WITH 1
    INCREMENT BY 1
    NO MINVALUE
    NO MAXVALUE
    CACHE 1;


ALTER TABLE coupon_codes_id_seq OWNER TO postgres;

--
-- Name: coupon_codes_id_seq; Type: SEQUENCE OWNED BY; Schema: public; Owner: postgres
--

ALTER SEQUENCE coupon_codes_id_seq OWNED BY coupon_codes.id;


--
-- Name: custom_designs; Type: TABLE; Schema: public; Owner: postgres
--

CREATE TABLE custom_designs (
    id integer NOT NULL,
    created_at timestamp without time zone NOT NULL,
    updated_at timestamp without time zone NOT NULL
);


ALTER TABLE custom_designs OWNER TO postgres;

--
-- Name: custom_designs_id_seq; Type: SEQUENCE; Schema: public; Owner: postgres
--

CREATE SEQUENCE custom_designs_id_seq
    START WITH 1
    INCREMENT BY 1
    NO MINVALUE
    NO MAXVALUE
    CACHE 1;


ALTER TABLE custom_designs_id_seq OWNER TO postgres;

--
-- Name: custom_designs_id_seq; Type: SEQUENCE OWNED BY; Schema: public; Owner: postgres
--

ALTER SEQUENCE custom_designs_id_seq OWNED BY custom_designs.id;


--
-- Name: custom_mesurments; Type: TABLE; Schema: public; Owner: postgres
--

CREATE TABLE custom_mesurments (
    id integer NOT NULL,
    shoulder character varying,
    shoulder_descr character varying,
    shoulder_inch character varying,
    length_to_toe character varying,
    length_to_toe_descr character varying,
    length_to_toe_inch character varying,
    length_to_west character varying,
    length_to_west_descr character varying,
    length_to_west_inch character varying,
    length_west_to_toe character varying,
    length_west_to_toe_descr character varying,
    length_west_to_toe_inch character varying,
    neck character varying,
    neck_descr character varying,
    neck_inch character varying,
    xfont character varying,
    xfont_descr character varying,
    xfont_inch character varying,
    bust character varying,
    bust_descr character varying,
    bust_inch character varying,
    under_bust character varying,
    under_bust_descr character varying,
    under_bust_inch character varying,
    waist character varying,
    waist_descr character varying,
    waist_inch character varying,
    lowwaist character varying,
    lowwaist_descr character varying,
    lowwaist_inch character varying,
    hips character varying,
    hips_descr character varying,
    hips_inch character varying,
    sleeveelbow character varying,
    sleeveelbow_descr character varying,
    sleeveelbow_inch character varying,
    sleeve_fullength character varying,
    sleeve_fullentgh_descr character varying,
    sleeve_fulllength_inch character varying,
    armhole character varying,
    armhome_descr character varying,
    armhole_inch character varying,
    muscle character varying,
    muscle_descr character varying,
    muscle_inch character varying,
    elbow character varying,
    elbow_descr character varying,
    elbow_inch character varying,
    cuff character varying,
    cuff_descr character varying,
    cuff_inch character varying,
    thigh character varying,
    thigh_descr character varying,
    thigh_inch character varying,
    knee character varying,
    knee_descr character varying,
    knee_inch character varying,
    calf character varying,
    calf_descr character varying,
    calf_inch character varying,
    ankle character varying,
    ankle_descr character varying,
    ankle_inch character varying,
    user_id integer,
    created_at timestamp without time zone NOT NULL,
    updated_at timestamp without time zone NOT NULL,
    cart_id integer,
    arm_mid character varying
);


ALTER TABLE custom_mesurments OWNER TO postgres;

--
-- Name: custom_mesurments_id_seq; Type: SEQUENCE; Schema: public; Owner: postgres
--

CREATE SEQUENCE custom_mesurments_id_seq
    START WITH 1
    INCREMENT BY 1
    NO MINVALUE
    NO MAXVALUE
    CACHE 1;


ALTER TABLE custom_mesurments_id_seq OWNER TO postgres;

--
-- Name: custom_mesurments_id_seq; Type: SEQUENCE OWNED BY; Schema: public; Owner: postgres
--

ALTER SEQUENCE custom_mesurments_id_seq OWNED BY custom_mesurments.id;


--
-- Name: custome_options; Type: TABLE; Schema: public; Owner: postgres
--

CREATE TABLE custome_options (
    id integer NOT NULL,
    name character varying,
    created_at timestamp without time zone NOT NULL,
    updated_at timestamp without time zone NOT NULL
);


ALTER TABLE custome_options OWNER TO postgres;

--
-- Name: custome_options_id_seq; Type: SEQUENCE; Schema: public; Owner: postgres
--

CREATE SEQUENCE custome_options_id_seq
    START WITH 1
    INCREMENT BY 1
    NO MINVALUE
    NO MAXVALUE
    CACHE 1;


ALTER TABLE custome_options_id_seq OWNER TO postgres;

--
-- Name: custome_options_id_seq; Type: SEQUENCE OWNED BY; Schema: public; Owner: postgres
--

ALTER SEQUENCE custome_options_id_seq OWNED BY custome_options.id;


--
-- Name: custome_options_products; Type: TABLE; Schema: public; Owner: postgres
--

CREATE TABLE custome_options_products (
    id integer NOT NULL,
    product_id integer,
    custome_option_id integer
);


ALTER TABLE custome_options_products OWNER TO postgres;

--
-- Name: custome_options_products_id_seq; Type: SEQUENCE; Schema: public; Owner: postgres
--

CREATE SEQUENCE custome_options_products_id_seq
    START WITH 1
    INCREMENT BY 1
    NO MINVALUE
    NO MAXVALUE
    CACHE 1;


ALTER TABLE custome_options_products_id_seq OWNER TO postgres;

--
-- Name: custome_options_products_id_seq; Type: SEQUENCE OWNED BY; Schema: public; Owner: postgres
--

ALTER SEQUENCE custome_options_products_id_seq OWNED BY custome_options_products.id;


--
-- Name: custome_options_variants; Type: TABLE; Schema: public; Owner: postgres
--

CREATE TABLE custome_options_variants (
    id integer NOT NULL,
    variant_id integer,
    custome_option_id integer
);


ALTER TABLE custome_options_variants OWNER TO postgres;

--
-- Name: custome_options_variants_id_seq; Type: SEQUENCE; Schema: public; Owner: postgres
--

CREATE SEQUENCE custome_options_variants_id_seq
    START WITH 1
    INCREMENT BY 1
    NO MINVALUE
    NO MAXVALUE
    CACHE 1;


ALTER TABLE custome_options_variants_id_seq OWNER TO postgres;

--
-- Name: custome_options_variants_id_seq; Type: SEQUENCE OWNED BY; Schema: public; Owner: postgres
--

ALTER SEQUENCE custome_options_variants_id_seq OWNED BY custome_options_variants.id;


--
-- Name: customoptionimages; Type: TABLE; Schema: public; Owner: postgres
--

CREATE TABLE customoptionimages (
    id integer NOT NULL,
    custome_option_id integer,
    created_at timestamp without time zone NOT NULL,
    updated_at timestamp without time zone NOT NULL,
    image_file_name character varying,
    image_content_type character varying,
    image_file_size integer,
    image_updated_at timestamp without time zone,
    iprice integer
);


ALTER TABLE customoptionimages OWNER TO postgres;

--
-- Name: customoptionimages_id_seq; Type: SEQUENCE; Schema: public; Owner: postgres
--

CREATE SEQUENCE customoptionimages_id_seq
    START WITH 1
    INCREMENT BY 1
    NO MINVALUE
    NO MAXVALUE
    CACHE 1;


ALTER TABLE customoptionimages_id_seq OWNER TO postgres;

--
-- Name: customoptionimages_id_seq; Type: SEQUENCE OWNED BY; Schema: public; Owner: postgres
--

ALTER SEQUENCE customoptionimages_id_seq OWNED BY customoptionimages.id;


--
-- Name: friendly_id_slugs; Type: TABLE; Schema: public; Owner: postgres
--

CREATE TABLE friendly_id_slugs (
    id integer NOT NULL,
    slug character varying NOT NULL,
    sluggable_id integer NOT NULL,
    sluggable_type character varying(50),
    scope character varying,
    created_at timestamp without time zone
);


ALTER TABLE friendly_id_slugs OWNER TO postgres;

--
-- Name: friendly_id_slugs_id_seq; Type: SEQUENCE; Schema: public; Owner: postgres
--

CREATE SEQUENCE friendly_id_slugs_id_seq
    START WITH 1
    INCREMENT BY 1
    NO MINVALUE
    NO MAXVALUE
    CACHE 1;


ALTER TABLE friendly_id_slugs_id_seq OWNER TO postgres;

--
-- Name: friendly_id_slugs_id_seq; Type: SEQUENCE OWNED BY; Schema: public; Owner: postgres
--

ALTER SEQUENCE friendly_id_slugs_id_seq OWNED BY friendly_id_slugs.id;


--
-- Name: importexcels; Type: TABLE; Schema: public; Owner: postgres
--

CREATE TABLE importexcels (
    id integer NOT NULL,
    created_at timestamp without time zone NOT NULL,
    updated_at timestamp without time zone NOT NULL
);


ALTER TABLE importexcels OWNER TO postgres;

--
-- Name: importexcels_id_seq; Type: SEQUENCE; Schema: public; Owner: postgres
--

CREATE SEQUENCE importexcels_id_seq
    START WITH 1
    INCREMENT BY 1
    NO MINVALUE
    NO MAXVALUE
    CACHE 1;


ALTER TABLE importexcels_id_seq OWNER TO postgres;

--
-- Name: importexcels_id_seq; Type: SEQUENCE OWNED BY; Schema: public; Owner: postgres
--

ALTER SEQUENCE importexcels_id_seq OWNED BY importexcels.id;


--
-- Name: middleimages; Type: TABLE; Schema: public; Owner: postgres
--

CREATE TABLE middleimages (
    id integer NOT NULL,
    name character varying,
    created_at timestamp without time zone NOT NULL,
    updated_at timestamp without time zone NOT NULL,
    image_file_name character varying,
    image_content_type character varying,
    image_file_size integer,
    image_updated_at timestamp without time zone,
    keyword character varying
);


ALTER TABLE middleimages OWNER TO postgres;

--
-- Name: middleimages_id_seq; Type: SEQUENCE; Schema: public; Owner: postgres
--

CREATE SEQUENCE middleimages_id_seq
    START WITH 1
    INCREMENT BY 1
    NO MINVALUE
    NO MAXVALUE
    CACHE 1;


ALTER TABLE middleimages_id_seq OWNER TO postgres;

--
-- Name: middleimages_id_seq; Type: SEQUENCE OWNED BY; Schema: public; Owner: postgres
--

ALTER SEQUENCE middleimages_id_seq OWNED BY middleimages.id;


--
-- Name: mobile_banners; Type: TABLE; Schema: public; Owner: Angelo
--

CREATE TABLE mobile_banners (
    id integer NOT NULL,
    image_file_name character varying,
    image_content_type character varying,
    image_file_size integer,
    image_updated_at timestamp without time zone,
    created_at timestamp without time zone NOT NULL,
    updated_at timestamp without time zone NOT NULL,
    category_id integer,
    keyword character varying
);


ALTER TABLE mobile_banners OWNER TO "Angelo";

--
-- Name: option_values; Type: TABLE; Schema: public; Owner: postgres
--

CREATE TABLE option_values (
    id integer NOT NULL,
    option_id integer,
    name character varying,
    created_at timestamp without time zone NOT NULL,
    updated_at timestamp without time zone NOT NULL,
    image_file_name character varying,
    image_content_type character varying,
    image_file_size integer,
    image_updated_at timestamp without time zone,
    custome_option_id integer
);


ALTER TABLE option_values OWNER TO postgres;

--
-- Name: option_values_id_seq; Type: SEQUENCE; Schema: public; Owner: postgres
--

CREATE SEQUENCE option_values_id_seq
    START WITH 1
    INCREMENT BY 1
    NO MINVALUE
    NO MAXVALUE
    CACHE 1;


ALTER TABLE option_values_id_seq OWNER TO postgres;

--
-- Name: option_values_id_seq; Type: SEQUENCE OWNED BY; Schema: public; Owner: postgres
--

ALTER SEQUENCE option_values_id_seq OWNED BY option_values.id;


--
-- Name: options; Type: TABLE; Schema: public; Owner: postgres
--

CREATE TABLE options (
    id integer NOT NULL,
    name character varying,
    created_at timestamp without time zone NOT NULL,
    updated_at timestamp without time zone NOT NULL
);


ALTER TABLE options OWNER TO postgres;

--
-- Name: options_id_seq; Type: SEQUENCE; Schema: public; Owner: postgres
--

CREATE SEQUENCE options_id_seq
    START WITH 1
    INCREMENT BY 1
    NO MINVALUE
    NO MAXVALUE
    CACHE 1;


ALTER TABLE options_id_seq OWNER TO postgres;

--
-- Name: options_id_seq; Type: SEQUENCE OWNED BY; Schema: public; Owner: postgres
--

ALTER SEQUENCE options_id_seq OWNED BY options.id;


--
-- Name: options_products; Type: TABLE; Schema: public; Owner: postgres
--

CREATE TABLE options_products (
    id integer NOT NULL,
    product_id integer,
    option_id integer
);


ALTER TABLE options_products OWNER TO postgres;

--
-- Name: options_products_id_seq; Type: SEQUENCE; Schema: public; Owner: postgres
--

CREATE SEQUENCE options_products_id_seq
    START WITH 1
    INCREMENT BY 1
    NO MINVALUE
    NO MAXVALUE
    CACHE 1;


ALTER TABLE options_products_id_seq OWNER TO postgres;

--
-- Name: options_products_id_seq; Type: SEQUENCE OWNED BY; Schema: public; Owner: postgres
--

ALTER SEQUENCE options_products_id_seq OWNED BY options_products.id;


--
-- Name: options_variants; Type: TABLE; Schema: public; Owner: postgres
--

CREATE TABLE options_variants (
    id integer NOT NULL,
    variant_id integer,
    option_id integer
);


ALTER TABLE options_variants OWNER TO postgres;

--
-- Name: options_variants_id_seq; Type: SEQUENCE; Schema: public; Owner: postgres
--

CREATE SEQUENCE options_variants_id_seq
    START WITH 1
    INCREMENT BY 1
    NO MINVALUE
    NO MAXVALUE
    CACHE 1;


ALTER TABLE options_variants_id_seq OWNER TO postgres;

--
-- Name: options_variants_id_seq; Type: SEQUENCE OWNED BY; Schema: public; Owner: postgres
--

ALTER SEQUENCE options_variants_id_seq OWNED BY options_variants.id;


--
-- Name: orders; Type: TABLE; Schema: public; Owner: postgres
--

CREATE TABLE orders (
    id integer NOT NULL,
    user_id integer,
    cart_id integer,
    created_at timestamp without time zone NOT NULL,
    updated_at timestamp without time zone NOT NULL
);


ALTER TABLE orders OWNER TO postgres;

--
-- Name: orders_id_seq; Type: SEQUENCE; Schema: public; Owner: postgres
--

CREATE SEQUENCE orders_id_seq
    START WITH 1
    INCREMENT BY 1
    NO MINVALUE
    NO MAXVALUE
    CACHE 1;


ALTER TABLE orders_id_seq OWNER TO postgres;

--
-- Name: orders_id_seq; Type: SEQUENCE OWNED BY; Schema: public; Owner: postgres
--

ALTER SEQUENCE orders_id_seq OWNED BY orders.id;


--
-- Name: paytms; Type: TABLE; Schema: public; Owner: postgres
--

CREATE TABLE paytms (
    id integer NOT NULL,
    name character varying,
    created_at timestamp without time zone NOT NULL,
    updated_at timestamp without time zone NOT NULL
);


ALTER TABLE paytms OWNER TO postgres;

--
-- Name: paytms_id_seq; Type: SEQUENCE; Schema: public; Owner: postgres
--

CREATE SEQUENCE paytms_id_seq
    START WITH 1
    INCREMENT BY 1
    NO MINVALUE
    NO MAXVALUE
    CACHE 1;


ALTER TABLE paytms_id_seq OWNER TO postgres;

--
-- Name: paytms_id_seq; Type: SEQUENCE OWNED BY; Schema: public; Owner: postgres
--

ALTER SEQUENCE paytms_id_seq OWNED BY paytms.id;


--
-- Name: product_galleries; Type: TABLE; Schema: public; Owner: postgres
--

CREATE TABLE product_galleries (
    id integer NOT NULL,
    image_file_name character varying,
    image_content_type character varying,
    image_file_size integer,
    image_updated_at timestamp without time zone,
    product_id integer,
    created_at timestamp without time zone NOT NULL,
    updated_at timestamp without time zone NOT NULL
);


ALTER TABLE product_galleries OWNER TO postgres;

--
-- Name: product_galleries_id_seq; Type: SEQUENCE; Schema: public; Owner: postgres
--

CREATE SEQUENCE product_galleries_id_seq
    START WITH 1
    INCREMENT BY 1
    NO MINVALUE
    NO MAXVALUE
    CACHE 1;


ALTER TABLE product_galleries_id_seq OWNER TO postgres;

--
-- Name: product_galleries_id_seq; Type: SEQUENCE OWNED BY; Schema: public; Owner: postgres
--

ALTER SEQUENCE product_galleries_id_seq OWNED BY product_galleries.id;


--
-- Name: productcolors; Type: TABLE; Schema: public; Owner: postgres
--

CREATE TABLE productcolors (
    id integer NOT NULL,
    name character varying,
    created_at timestamp without time zone NOT NULL,
    updated_at timestamp without time zone NOT NULL,
    product_id integer
);


ALTER TABLE productcolors OWNER TO postgres;

--
-- Name: productcolors_id_seq; Type: SEQUENCE; Schema: public; Owner: postgres
--

CREATE SEQUENCE productcolors_id_seq
    START WITH 1
    INCREMENT BY 1
    NO MINVALUE
    NO MAXVALUE
    CACHE 1;


ALTER TABLE productcolors_id_seq OWNER TO postgres;

--
-- Name: productcolors_id_seq; Type: SEQUENCE OWNED BY; Schema: public; Owner: postgres
--

ALTER SEQUENCE productcolors_id_seq OWNED BY productcolors.id;


--
-- Name: productdiscounts; Type: TABLE; Schema: public; Owner: postgres
--

CREATE TABLE productdiscounts (
    id integer NOT NULL,
    created_at timestamp without time zone NOT NULL,
    updated_at timestamp without time zone NOT NULL
);


ALTER TABLE productdiscounts OWNER TO postgres;

--
-- Name: productdiscounts_id_seq; Type: SEQUENCE; Schema: public; Owner: postgres
--

CREATE SEQUENCE productdiscounts_id_seq
    START WITH 1
    INCREMENT BY 1
    NO MINVALUE
    NO MAXVALUE
    CACHE 1;


ALTER TABLE productdiscounts_id_seq OWNER TO postgres;

--
-- Name: productdiscounts_id_seq; Type: SEQUENCE OWNED BY; Schema: public; Owner: postgres
--

ALTER SEQUENCE productdiscounts_id_seq OWNED BY productdiscounts.id;


--
-- Name: products; Type: TABLE; Schema: public; Owner: postgres
--

CREATE TABLE products (
    id integer NOT NULL,
    name character varying,
    description text,
    price numeric,
    created_at timestamp without time zone NOT NULL,
    updated_at timestamp without time zone NOT NULL,
    feature boolean,
    new_arrival boolean,
    image_file_name character varying,
    image_content_type character varying,
    image_file_size integer,
    image_updated_at timestamp without time zone,
    washing_description text,
    popularity integer,
    latest_arrival boolean,
    fabric character varying,
    colortotext character varying,
    slug character varying,
    discount double precision,
    original_price integer,
    sku character varying
);


ALTER TABLE products OWNER TO postgres;

--
-- Name: products_id_seq; Type: SEQUENCE; Schema: public; Owner: postgres
--

CREATE SEQUENCE products_id_seq
    START WITH 1
    INCREMENT BY 1
    NO MINVALUE
    NO MAXVALUE
    CACHE 1;


ALTER TABLE products_id_seq OWNER TO postgres;

--
-- Name: products_id_seq; Type: SEQUENCE OWNED BY; Schema: public; Owner: postgres
--

ALTER SEQUENCE products_id_seq OWNED BY products.id;


--
-- Name: schema_migrations; Type: TABLE; Schema: public; Owner: postgres
--

CREATE TABLE schema_migrations (
    version character varying NOT NULL
);


ALTER TABLE schema_migrations OWNER TO postgres;

--
-- Name: shipping_addresses; Type: TABLE; Schema: public; Owner: postgres
--

CREATE TABLE shipping_addresses (
    id integer NOT NULL,
    name character varying,
    country character varying,
    state character varying,
    city character varying,
    address1 character varying,
    address2 character varying,
    cart_id integer,
    created_at timestamp without time zone NOT NULL,
    updated_at timestamp without time zone NOT NULL,
    email character varying,
    user_id integer,
    mobile character varying
);


ALTER TABLE shipping_addresses OWNER TO postgres;

--
-- Name: shipping_addresses_id_seq; Type: SEQUENCE; Schema: public; Owner: postgres
--

CREATE SEQUENCE shipping_addresses_id_seq
    START WITH 1
    INCREMENT BY 1
    NO MINVALUE
    NO MAXVALUE
    CACHE 1;


ALTER TABLE shipping_addresses_id_seq OWNER TO postgres;

--
-- Name: shipping_addresses_id_seq; Type: SEQUENCE OWNED BY; Schema: public; Owner: postgres
--

ALTER SEQUENCE shipping_addresses_id_seq OWNED BY shipping_addresses.id;


--
-- Name: smsintegrations; Type: TABLE; Schema: public; Owner: postgres
--

CREATE TABLE smsintegrations (
    id integer NOT NULL,
    created_at timestamp without time zone NOT NULL,
    updated_at timestamp without time zone NOT NULL
);


ALTER TABLE smsintegrations OWNER TO postgres;

--
-- Name: smsintegrations_id_seq; Type: SEQUENCE; Schema: public; Owner: postgres
--

CREATE SEQUENCE smsintegrations_id_seq
    START WITH 1
    INCREMENT BY 1
    NO MINVALUE
    NO MAXVALUE
    CACHE 1;


ALTER TABLE smsintegrations_id_seq OWNER TO postgres;

--
-- Name: smsintegrations_id_seq; Type: SEQUENCE OWNED BY; Schema: public; Owner: postgres
--

ALTER SEQUENCE smsintegrations_id_seq OWNED BY smsintegrations.id;


--
-- Name: subscribe_newsletters; Type: TABLE; Schema: public; Owner: postgres
--

CREATE TABLE subscribe_newsletters (
    id integer NOT NULL,
    email character varying,
    created_at timestamp without time zone NOT NULL,
    updated_at timestamp without time zone NOT NULL
);


ALTER TABLE subscribe_newsletters OWNER TO postgres;

--
-- Name: subscribe_newsletters_id_seq; Type: SEQUENCE; Schema: public; Owner: postgres
--

CREATE SEQUENCE subscribe_newsletters_id_seq
    START WITH 1
    INCREMENT BY 1
    NO MINVALUE
    NO MAXVALUE
    CACHE 1;


ALTER TABLE subscribe_newsletters_id_seq OWNER TO postgres;

--
-- Name: subscribe_newsletters_id_seq; Type: SEQUENCE OWNED BY; Schema: public; Owner: postgres
--

ALTER SEQUENCE subscribe_newsletters_id_seq OWNED BY subscribe_newsletters.id;


--
-- Name: testmes; Type: TABLE; Schema: public; Owner: postgres
--

CREATE TABLE testmes (
    id integer NOT NULL,
    created_at timestamp without time zone NOT NULL,
    updated_at timestamp without time zone NOT NULL
);


ALTER TABLE testmes OWNER TO postgres;

--
-- Name: testmes_id_seq; Type: SEQUENCE; Schema: public; Owner: postgres
--

CREATE SEQUENCE testmes_id_seq
    START WITH 1
    INCREMENT BY 1
    NO MINVALUE
    NO MAXVALUE
    CACHE 1;


ALTER TABLE testmes_id_seq OWNER TO postgres;

--
-- Name: testmes_id_seq; Type: SEQUENCE OWNED BY; Schema: public; Owner: postgres
--

ALTER SEQUENCE testmes_id_seq OWNED BY testmes.id;


--
-- Name: users; Type: TABLE; Schema: public; Owner: postgres
--

CREATE TABLE users (
    id integer NOT NULL,
    email character varying DEFAULT ''::character varying NOT NULL,
    encrypted_password character varying DEFAULT ''::character varying NOT NULL,
    reset_password_token character varying,
    reset_password_sent_at timestamp without time zone,
    remember_created_at timestamp without time zone,
    sign_in_count integer DEFAULT 0 NOT NULL,
    current_sign_in_at timestamp without time zone,
    last_sign_in_at timestamp without time zone,
    current_sign_in_ip inet,
    last_sign_in_ip inet,
    created_at timestamp without time zone NOT NULL,
    updated_at timestamp without time zone NOT NULL,
    provider character varying,
    uid character varying,
    first_name character varying,
    last_name character varying,
    mobile_no character varying
);


ALTER TABLE users OWNER TO postgres;

--
-- Name: users_id_seq; Type: SEQUENCE; Schema: public; Owner: postgres
--

CREATE SEQUENCE users_id_seq
    START WITH 1
    INCREMENT BY 1
    NO MINVALUE
    NO MAXVALUE
    CACHE 1;


ALTER TABLE users_id_seq OWNER TO postgres;

--
-- Name: users_id_seq; Type: SEQUENCE OWNED BY; Schema: public; Owner: postgres
--

ALTER SEQUENCE users_id_seq OWNED BY users.id;


--
-- Name: variants; Type: TABLE; Schema: public; Owner: postgres
--

CREATE TABLE variants (
    id integer NOT NULL,
    description character varying NOT NULL,
    price numeric NOT NULL,
    product_id integer NOT NULL,
    active boolean DEFAULT false NOT NULL,
    created_at timestamp without time zone NOT NULL,
    updated_at timestamp without time zone NOT NULL,
    image_file_name character varying,
    image_content_type character varying,
    image_file_size integer,
    image_updated_at timestamp without time zone
);


ALTER TABLE variants OWNER TO postgres;

--
-- Name: variants_id_seq; Type: SEQUENCE; Schema: public; Owner: postgres
--

CREATE SEQUENCE variants_id_seq
    START WITH 1
    INCREMENT BY 1
    NO MINVALUE
    NO MAXVALUE
    CACHE 1;


ALTER TABLE variants_id_seq OWNER TO postgres;

--
-- Name: variants_id_seq; Type: SEQUENCE OWNED BY; Schema: public; Owner: postgres
--

ALTER SEQUENCE variants_id_seq OWNED BY variants.id;


--
-- Name: banners id; Type: DEFAULT; Schema: public; Owner: postgres
--

ALTER TABLE ONLY banners ALTER COLUMN id SET DEFAULT nextval('banners_id_seq'::regclass);


--
-- Name: blogs id; Type: DEFAULT; Schema: public; Owner: postgres
--

ALTER TABLE ONLY blogs ALTER COLUMN id SET DEFAULT nextval('blogs_id_seq'::regclass);


--
-- Name: cart_items id; Type: DEFAULT; Schema: public; Owner: postgres
--

ALTER TABLE ONLY cart_items ALTER COLUMN id SET DEFAULT nextval('cart_items_id_seq'::regclass);


--
-- Name: cart_items_customoptionimages id; Type: DEFAULT; Schema: public; Owner: postgres
--

ALTER TABLE ONLY cart_items_customoptionimages ALTER COLUMN id SET DEFAULT nextval('cart_items_customoptionimages_id_seq'::regclass);


--
-- Name: cartitemcustomoptions id; Type: DEFAULT; Schema: public; Owner: postgres
--

ALTER TABLE ONLY cartitemcustomoptions ALTER COLUMN id SET DEFAULT nextval('cartitemcustomoptions_id_seq'::regclass);


--
-- Name: carts id; Type: DEFAULT; Schema: public; Owner: postgres
--

ALTER TABLE ONLY carts ALTER COLUMN id SET DEFAULT nextval('carts_id_seq'::regclass);


--
-- Name: carts_customoptionimages id; Type: DEFAULT; Schema: public; Owner: postgres
--

ALTER TABLE ONLY carts_customoptionimages ALTER COLUMN id SET DEFAULT nextval('carts_customoptionimages_id_seq'::regclass);


--
-- Name: categories id; Type: DEFAULT; Schema: public; Owner: postgres
--

ALTER TABLE ONLY categories ALTER COLUMN id SET DEFAULT nextval('categories_id_seq'::regclass);


--
-- Name: categorizations id; Type: DEFAULT; Schema: public; Owner: postgres
--

ALTER TABLE ONLY categorizations ALTER COLUMN id SET DEFAULT nextval('categorizations_id_seq'::regclass);


--
-- Name: colors id; Type: DEFAULT; Schema: public; Owner: postgres
--

ALTER TABLE ONLY colors ALTER COLUMN id SET DEFAULT nextval('colors_id_seq'::regclass);


--
-- Name: colors_products id; Type: DEFAULT; Schema: public; Owner: postgres
--

ALTER TABLE ONLY colors_products ALTER COLUMN id SET DEFAULT nextval('colors_products_id_seq'::regclass);


--
-- Name: contact_forms id; Type: DEFAULT; Schema: public; Owner: postgres
--

ALTER TABLE ONLY contact_forms ALTER COLUMN id SET DEFAULT nextval('contact_forms_id_seq'::regclass);


--
-- Name: coupon_codes id; Type: DEFAULT; Schema: public; Owner: postgres
--

ALTER TABLE ONLY coupon_codes ALTER COLUMN id SET DEFAULT nextval('coupon_codes_id_seq'::regclass);


--
-- Name: custom_designs id; Type: DEFAULT; Schema: public; Owner: postgres
--

ALTER TABLE ONLY custom_designs ALTER COLUMN id SET DEFAULT nextval('custom_designs_id_seq'::regclass);


--
-- Name: custom_mesurments id; Type: DEFAULT; Schema: public; Owner: postgres
--

ALTER TABLE ONLY custom_mesurments ALTER COLUMN id SET DEFAULT nextval('custom_mesurments_id_seq'::regclass);


--
-- Name: custome_options id; Type: DEFAULT; Schema: public; Owner: postgres
--

ALTER TABLE ONLY custome_options ALTER COLUMN id SET DEFAULT nextval('custome_options_id_seq'::regclass);


--
-- Name: custome_options_products id; Type: DEFAULT; Schema: public; Owner: postgres
--

ALTER TABLE ONLY custome_options_products ALTER COLUMN id SET DEFAULT nextval('custome_options_products_id_seq'::regclass);


--
-- Name: custome_options_variants id; Type: DEFAULT; Schema: public; Owner: postgres
--

ALTER TABLE ONLY custome_options_variants ALTER COLUMN id SET DEFAULT nextval('custome_options_variants_id_seq'::regclass);


--
-- Name: customoptionimages id; Type: DEFAULT; Schema: public; Owner: postgres
--

ALTER TABLE ONLY customoptionimages ALTER COLUMN id SET DEFAULT nextval('customoptionimages_id_seq'::regclass);


--
-- Name: friendly_id_slugs id; Type: DEFAULT; Schema: public; Owner: postgres
--

ALTER TABLE ONLY friendly_id_slugs ALTER COLUMN id SET DEFAULT nextval('friendly_id_slugs_id_seq'::regclass);


--
-- Name: importexcels id; Type: DEFAULT; Schema: public; Owner: postgres
--

ALTER TABLE ONLY importexcels ALTER COLUMN id SET DEFAULT nextval('importexcels_id_seq'::regclass);


--
-- Name: middleimages id; Type: DEFAULT; Schema: public; Owner: postgres
--

ALTER TABLE ONLY middleimages ALTER COLUMN id SET DEFAULT nextval('middleimages_id_seq'::regclass);


--
-- Name: option_values id; Type: DEFAULT; Schema: public; Owner: postgres
--

ALTER TABLE ONLY option_values ALTER COLUMN id SET DEFAULT nextval('option_values_id_seq'::regclass);


--
-- Name: options id; Type: DEFAULT; Schema: public; Owner: postgres
--

ALTER TABLE ONLY options ALTER COLUMN id SET DEFAULT nextval('options_id_seq'::regclass);


--
-- Name: options_products id; Type: DEFAULT; Schema: public; Owner: postgres
--

ALTER TABLE ONLY options_products ALTER COLUMN id SET DEFAULT nextval('options_products_id_seq'::regclass);


--
-- Name: options_variants id; Type: DEFAULT; Schema: public; Owner: postgres
--

ALTER TABLE ONLY options_variants ALTER COLUMN id SET DEFAULT nextval('options_variants_id_seq'::regclass);


--
-- Name: orders id; Type: DEFAULT; Schema: public; Owner: postgres
--

ALTER TABLE ONLY orders ALTER COLUMN id SET DEFAULT nextval('orders_id_seq'::regclass);


--
-- Name: paytms id; Type: DEFAULT; Schema: public; Owner: postgres
--

ALTER TABLE ONLY paytms ALTER COLUMN id SET DEFAULT nextval('paytms_id_seq'::regclass);


--
-- Name: product_galleries id; Type: DEFAULT; Schema: public; Owner: postgres
--

ALTER TABLE ONLY product_galleries ALTER COLUMN id SET DEFAULT nextval('product_galleries_id_seq'::regclass);


--
-- Name: productcolors id; Type: DEFAULT; Schema: public; Owner: postgres
--

ALTER TABLE ONLY productcolors ALTER COLUMN id SET DEFAULT nextval('productcolors_id_seq'::regclass);


--
-- Name: productdiscounts id; Type: DEFAULT; Schema: public; Owner: postgres
--

ALTER TABLE ONLY productdiscounts ALTER COLUMN id SET DEFAULT nextval('productdiscounts_id_seq'::regclass);


--
-- Name: products id; Type: DEFAULT; Schema: public; Owner: postgres
--

ALTER TABLE ONLY products ALTER COLUMN id SET DEFAULT nextval('products_id_seq'::regclass);


--
-- Name: shipping_addresses id; Type: DEFAULT; Schema: public; Owner: postgres
--

ALTER TABLE ONLY shipping_addresses ALTER COLUMN id SET DEFAULT nextval('shipping_addresses_id_seq'::regclass);


--
-- Name: smsintegrations id; Type: DEFAULT; Schema: public; Owner: postgres
--

ALTER TABLE ONLY smsintegrations ALTER COLUMN id SET DEFAULT nextval('smsintegrations_id_seq'::regclass);


--
-- Name: subscribe_newsletters id; Type: DEFAULT; Schema: public; Owner: postgres
--

ALTER TABLE ONLY subscribe_newsletters ALTER COLUMN id SET DEFAULT nextval('subscribe_newsletters_id_seq'::regclass);


--
-- Name: testmes id; Type: DEFAULT; Schema: public; Owner: postgres
--

ALTER TABLE ONLY testmes ALTER COLUMN id SET DEFAULT nextval('testmes_id_seq'::regclass);


--
-- Name: users id; Type: DEFAULT; Schema: public; Owner: postgres
--

ALTER TABLE ONLY users ALTER COLUMN id SET DEFAULT nextval('users_id_seq'::regclass);


--
-- Name: variants id; Type: DEFAULT; Schema: public; Owner: postgres
--

ALTER TABLE ONLY variants ALTER COLUMN id SET DEFAULT nextval('variants_id_seq'::regclass);


--
-- Data for Name: banners; Type: TABLE DATA; Schema: public; Owner: postgres
--

COPY banners (id, image_file_name, image_content_type, image_file_size, image_updated_at, created_at, updated_at, category_id, keyword) FROM stdin;
7	banner-four-HD.png	image/png	1816749	2017-01-19 12:06:35.506058	2017-01-19 12:06:36.534657	2017-01-30 12:23:06.667766	2	Dress
5	banner-three-HD.png	image/png	1602625	2017-01-19 12:03:40.865097	2017-01-19 12:03:41.708467	2017-01-31 07:14:11.615351	1	Coat Jacket
6	banner-two-HD.png	image/png	1733310	2017-01-19 12:04:50.783614	2017-01-19 12:04:51.617013	2017-02-09 08:31:19.190911	3	Skirt Pants
8	banner-five-HD.png	image/png	1513220	2017-01-19 12:08:07.492619	2017-01-19 12:08:08.325951	2017-02-09 08:32:01.062691	2	Handpicked
4	banner-one-HD.png	image/png	1825810	2017-01-19 12:02:18.589718	2017-01-19 12:02:19.367061	2017-02-09 08:32:40.948659	1	Top Blouse
\.


--
-- Name: banners_id_seq; Type: SEQUENCE SET; Schema: public; Owner: postgres
--

SELECT pg_catalog.setval('banners_id_seq', 8, true);


--
-- Data for Name: blogs; Type: TABLE DATA; Schema: public; Owner: postgres
--

COPY blogs (id, name, description, image_file_name, image_content_type, image_file_size, image_updated_at, created_at, updated_at) FROM stdin;
\.


--
-- Name: blogs_id_seq; Type: SEQUENCE SET; Schema: public; Owner: postgres
--

SELECT pg_catalog.setval('blogs_id_seq', 1, false);


--
-- Data for Name: cart_items; Type: TABLE DATA; Schema: public; Owner: postgres
--

COPY cart_items (id, cart_id, product_id, qty, price, created_at, updated_at, size, color, height, custom_mesurement_id, custom_mesurment_id, productcolor_id, color_id) FROM stdin;
30	25	5	4	2099	2017-02-03 06:00:22.640766	2017-02-03 10:28:33.99672	0	\N	0	\N	\N	\N	\N
1	1	1	1	1244	2017-01-19 14:06:26.218375	2017-01-19 14:41:40.081305	0	\N	0	\N	\N	\N	\N
2	2	2	1	1200	2017-01-19 14:46:04.23221	2017-01-19 14:46:04.23221	8	15	12	\N	\N	\N	\N
3	3	1	1	1244	2017-01-19 14:54:13.11876	2017-01-19 14:54:13.11876	0	\N	0	\N	\N	\N	\N
4	4	2	1	1200	2017-01-19 15:06:17.866164	2017-01-19 15:06:17.866164	0	\N	0	\N	\N	\N	\N
5	5	2	1	1200	2017-01-19 16:32:58.238132	2017-01-19 16:32:58.238132	4	15	14	\N	\N	\N	\N
7	7	2	2	1200	2017-01-20 07:52:49.865689	2017-01-20 07:53:04.974392	9	17	12	\N	\N	\N	\N
6	6	1	4	1244	2017-01-20 07:37:50.507283	2017-01-20 07:53:40.173736	11	15	12	\N	\N	\N	\N
8	8	6	1	1399	2017-01-28 12:11:58.693628	2017-01-28 12:11:58.693628	0	\N	0	\N	\N	\N	5
9	9	5	1	2099	2017-01-28 12:51:00.031258	2017-01-28 12:51:00.031258	0	\N	0	\N	\N	\N	\N
10	10	80	2	1399	2017-01-30 06:42:21.032955	2017-01-30 06:42:50.599822	4	\N	14	\N	\N	\N	\N
58	34	93	2	1599	2017-02-06 14:13:02.392884	2017-02-06 14:15:20.246767	8	\N	14	\N	\N	\N	\N
57	35	45	2	1899	2017-02-06 14:12:43.57977	2017-02-06 14:15:37.249064	\N	\N	\N	\N	80	\N	\N
12	11	44	4	1699	2017-01-30 08:11:29.284006	2017-01-30 08:27:40.960048	0	\N	0	\N	35	\N	\N
11	10	44	2	1699	2017-01-30 07:18:22.816321	2017-01-30 14:46:33.553415	0	\N	0	\N	\N	\N	8
15	14	57	1	1799	2017-01-30 18:41:10.287811	2017-01-30 18:41:10.287811	0	\N	14	\N	\N	\N	\N
16	15	93	1	1599	2017-01-31 05:48:47.933901	2017-01-31 05:48:47.933901	11	\N	14	\N	\N	\N	\N
18	16	44	3	1699	2017-01-31 10:12:42.353144	2017-01-31 12:03:42.579587	0	\N	0	\N	38	\N	\N
19	16	45	1	1899	2017-01-31 12:30:32.487224	2017-01-31 12:30:32.487224	0	\N	0	\N	\N	\N	\N
20	17	6	2	1399	2017-01-31 12:39:43.021969	2017-01-31 12:52:27.26962	0	\N	0	\N	\N	\N	5
21	18	45	1	1899	2017-02-01 06:55:51.125171	2017-02-01 06:55:51.125171	0	\N	0	\N	\N	\N	\N
22	19	44	1	1699	2017-02-02 05:50:19.975084	2017-02-02 05:50:19.975084	9	\N	12	\N	\N	\N	8
23	19	75	1	1599	2017-02-02 06:39:58.538908	2017-02-02 06:39:58.538908	18	\N	13	\N	\N	\N	7
24	20	6	1	1399	2017-02-02 06:46:52.190854	2017-02-02 06:46:52.190854	18	\N	14	\N	\N	\N	5
60	36	93	1	1599	2017-02-06 14:56:34.548347	2017-02-06 14:56:34.548347	8	\N	14	\N	\N	\N	\N
26	22	17	2	1099	2017-02-02 08:03:05.187198	2017-02-02 10:44:49.415053	18	\N	14	\N	\N	\N	8
27	23	6	1	1399	2017-02-02 10:54:07.305512	2017-02-02 10:54:07.305512	0	\N	0	\N	\N	\N	\N
61	37	5	1	2099	2017-02-08 05:07:02.950781	2017-02-08 05:07:02.950781	18	\N	14	\N	\N	\N	\N
62	38	48	1	1999	2017-02-08 08:58:37.823341	2017-02-08 08:58:37.823341	18	\N	14	\N	\N	\N	\N
42	21	51	0	2399	2017-02-03 11:32:18.700141	2017-02-03 12:08:21.718505	8	\N	12	\N	\N	\N	\N
34	28	15	1	1299	2017-02-03 08:51:55.266355	2017-02-03 08:51:55.266355	0	\N	0	\N	\N	\N	5
63	39	5	4	2099	2017-02-08 09:28:18.880537	2017-02-08 10:08:41.503026	18	\N	12	\N	\N	\N	4
66	41	6	1	1399	2017-02-08 10:31:59.982691	2017-02-08 10:31:59.982691	18	\N	12	\N	\N	\N	5
67	42	45	1	1899	2017-02-08 15:15:09.754654	2017-02-08 15:15:19.246556	\N	\N	\N	\N	66	\N	7
68	43	5	1	2099	2017-02-08 15:18:34.767523	2017-02-08 15:18:34.767523	1	\N	12	\N	\N	\N	\N
38	25	12	1	1699	2017-02-03 09:44:35.344001	2017-02-03 10:28:00.07922	1	\N	14	\N	\N	\N	8
47	29	44	2	1699	2017-02-03 12:56:54.493195	2017-02-03 13:00:05.104279	0	\N	0	\N	60	\N	\N
44	21	44	4	1699	2017-02-03 11:39:46.32946	2017-02-03 13:03:37.610803	0	\N	0	\N	52	\N	\N
69	44	6	3	1399	2017-02-08 16:15:34.262814	2017-02-08 16:15:51.663839	1	\N	12	\N	\N	\N	5
48	26	44	2	1699	2017-02-03 13:12:53.011314	2017-02-03 13:14:32.352249	0	\N	0	\N	62	\N	\N
49	30	84	1	1499	2017-02-06 06:38:37.572639	2017-02-06 06:38:56.786638	18	\N	14	\N	67	\N	8
50	31	80	1	1399	2017-02-06 07:02:44.208058	2017-02-06 07:05:53.606204	9	\N	12	\N	69	\N	5
51	21	27	0	1099	2017-02-06 08:43:01.925452	2017-02-06 08:43:01.925452	\N	\N	\N	\N	73	\N	\N
52	32	44	1	1699	2017-02-06 11:15:44.160922	2017-02-06 11:15:44.160922	0	\N	0	\N	\N	\N	\N
53	33	93	0	1599	2017-02-06 13:59:44.48773	2017-02-06 13:59:44.48773	\N	\N	\N	\N	76	\N	\N
71	45	79	1	1599	2017-02-08 16:42:35.365124	2017-02-08 16:42:35.365124	6	\N	14	\N	\N	\N	\N
72	46	50	3	2599	2017-02-09 10:15:25.220779	2017-02-09 10:15:47.734309	1	\N	14	\N	\N	\N	8
73	47	6	1	1399	2017-02-10 10:19:49.719898	2017-02-10 10:19:49.719898	18	\N	12	\N	\N	\N	5
74	48	6	1	1399	2017-02-10 10:23:37.824736	2017-02-10 10:23:37.824736	1	\N	14	\N	\N	\N	5
75	49	6	1	1399	2017-02-10 10:28:09.151783	2017-02-10 10:28:09.151783	1	\N	12	\N	\N	\N	5
76	50	6	1	1399	2017-02-14 10:17:10.627443	2017-02-14 10:17:10.627443	11	\N	14	\N	\N	\N	5
77	51	75	1	1599	2017-02-18 05:14:48.248838	2017-02-18 05:14:48.248838	7	\N	14	\N	\N	\N	\N
\.


--
-- Data for Name: cart_items_customoptionimages; Type: TABLE DATA; Schema: public; Owner: postgres
--

COPY cart_items_customoptionimages (id, cart_item_id, customoptionimage_id, created_at, updated_at) FROM stdin;
1	49	11	2017-02-06 06:38:56.795439	2017-02-06 06:38:56.795439
2	50	12	2017-02-06 07:03:01.608749	2017-02-06 07:03:01.608749
8	63	3	2017-02-08 10:08:41.507239	2017-02-08 10:08:41.507239
9	76	6	2017-02-14 10:17:10.629946	2017-02-14 10:17:10.629946
10	76	1	2017-02-14 10:17:10.632277	2017-02-14 10:17:10.632277
\.


--
-- Name: cart_items_customoptionimages_id_seq; Type: SEQUENCE SET; Schema: public; Owner: postgres
--

SELECT pg_catalog.setval('cart_items_customoptionimages_id_seq', 10, true);


--
-- Name: cart_items_id_seq; Type: SEQUENCE SET; Schema: public; Owner: postgres
--

SELECT pg_catalog.setval('cart_items_id_seq', 78, true);


--
-- Data for Name: cartitemcustomoptions; Type: TABLE DATA; Schema: public; Owner: postgres
--

COPY cartitemcustomoptions (id, cart_id, customoptionimages_id, created_at, updated_at) FROM stdin;
1	12	2	2017-01-30 08:14:59.768301	2017-01-30 08:14:59.768301
2	12	1	2017-01-30 08:14:59.771796	2017-01-30 08:14:59.771796
3	11	1	2017-01-30 08:15:07.603139	2017-01-30 08:15:07.603139
4	13	2	2017-01-30 10:29:37.32653	2017-01-30 10:29:37.32653
5	17	1	2017-01-31 12:39:43.024228	2017-01-31 12:39:43.024228
6	19	2	2017-02-02 05:50:19.977986	2017-02-02 05:50:19.977986
7	21	1	2017-02-02 07:04:28.82856	2017-02-02 07:04:28.82856
8	21	1	2017-02-02 07:04:43.799128	2017-02-02 07:04:43.799128
\.


--
-- Name: cartitemcustomoptions_id_seq; Type: SEQUENCE SET; Schema: public; Owner: postgres
--

SELECT pg_catalog.setval('cartitemcustomoptions_id_seq', 8, true);


--
-- Data for Name: carts; Type: TABLE DATA; Schema: public; Owner: postgres
--

COPY carts (id, created_at, updated_at, respmsg, txnstatus, user_id, paytmresp, cod) FROM stdin;
2	2017-01-19 14:46:04.228928	2017-01-19 14:47:09.56895	Txn Successful.	TXN_SUCCESS	11	{"MID"=>"Buclos65231899998128", "ORDERID"=>"ORDDFV2", "TXNAMOUNT"=>"1200.00", "CURRENCY"=>"INR", "TXNID"=>"32225229", "BANKTXNID"=>"497099", "STATUS"=>"TXN_SUCCESS", "RESPCODE"=>"01", "RESPMSG"=>"Txn Successful.", "TXNDATE"=>"2017-01-19 20:28:50.0", "GATEWAYNAME"=>"WALLET", "BANKNAME"=>"", "PAYMENTMODE"=>"PPI", "CHECKSUMHASH"=>"9fF9utWWXXRSAARL+C+MVE9zhmUpsa8MYCbBQsrjEeWyfd4/OhjqrfbXfvu0thMC7Qiy/UUD8zFW+3EYLbJtzXd8sErJMPe+pQRMS+lZO4Y=", "controller"=>"paytms", "action"=>"paytmreturn"}	f
1	2017-01-19 14:06:26.214504	2017-01-19 14:47:44.180829	Txn Successful.	TXN_SUCCESS	12	{"MID"=>"Buclos65231899998128", "ORDERID"=>"ORDSYP1", "TXNAMOUNT"=>"1244.00", "CURRENCY"=>"INR", "TXNID"=>"32225230", "BANKTXNID"=>"497101", "STATUS"=>"TXN_SUCCESS", "RESPCODE"=>"01", "RESPMSG"=>"Txn Successful.", "TXNDATE"=>"2017-01-19 20:29:18.0", "GATEWAYNAME"=>"WALLET", "BANKNAME"=>"", "PAYMENTMODE"=>"PPI", "CHECKSUMHASH"=>"EhpDLvHZsNWQGRqPvpP9td3W0mb0yfK9HFqTXSeJVfdePbw/1GDbX5Rz0cUzVdU/Ocd5k7BIaqnGHUTUcTCqalOrdZdfcK+JpgSqhTnkpi8=", "controller"=>"paytms", "action"=>"paytmreturn"}	f
3	2017-01-19 14:54:13.116567	2017-01-19 14:54:55.678207	Txn Successful.	TXN_SUCCESS	13	{"MID"=>"Buclos65231899998128", "ORDERID"=>"ORDMUQ3", "TXNAMOUNT"=>"1244.00", "CURRENCY"=>"INR", "TXNID"=>"32225238", "BANKTXNID"=>"497113", "STATUS"=>"TXN_SUCCESS", "RESPCODE"=>"01", "RESPMSG"=>"Txn Successful.", "TXNDATE"=>"2017-01-19 20:36:36.0", "GATEWAYNAME"=>"WALLET", "BANKNAME"=>"", "PAYMENTMODE"=>"PPI", "CHECKSUMHASH"=>"O8wfSZ7pSJiItxGVNHfrEPbgdaCjP9k8MKwbjFj8nzXk3uhXsyrhKNoiaqL6nexsEq+kgXdFivxF0htkqUEx9fZlL8vwe6dIocTDJqUEFFw=", "controller"=>"paytms", "action"=>"paytmreturn"}	f
4	2017-01-19 15:06:17.863304	2017-01-19 15:06:17.863304	\N	\N	\N	\N	f
5	2017-01-19 16:32:58.235563	2017-01-19 16:34:02.234925	\N	\N	\N	\N	t
6	2017-01-20 07:37:50.502242	2017-01-20 07:37:50.502242	\N	\N	\N	\N	f
7	2017-01-20 07:52:49.86054	2017-01-20 07:52:49.86054	\N	\N	\N	\N	f
8	2017-01-28 12:11:58.690578	2017-01-28 12:11:58.690578	\N	\N	\N	\N	f
9	2017-01-28 12:51:00.028242	2017-01-28 12:51:00.028242	\N	\N	\N	\N	f
12	2017-01-30 08:11:54.889037	2017-01-30 08:11:54.889037	\N	\N	\N	\N	f
33	2017-02-06 13:59:44.482769	2017-02-06 13:59:44.482769	\N	\N	\N	\N	f
34	2017-02-06 14:00:57.974118	2017-02-06 14:00:57.974118	\N	\N	\N	\N	f
11	2017-01-30 08:11:29.282401	2017-01-30 08:25:27.362894	Looks like you cancelled the payment. You can try again now or if you faced any issues in completing the payment, please contact us	TXN_FAILURE	13	{"RESPCODE"=>"142", "RESPMSG"=>"Looks like you cancelled the payment. You can try again now or if you faced any issues in completing the payment, please contact us", "STATUS"=>"TXN_FAILURE", "MID"=>"Buclos65231899998128", "TXNAMOUNT"=>"5547.00", "ORDERID"=>"ORDIQB11", "TXNID"=>"32246179", "CHECKSUMHASH"=>"H32yn2Xf1JgZXtVyZ5ogKCunM6Hde3bL9IrL/eGtE6RaVMg0yvvf+ZoadT5BiGcFWYiyVhx44iYKANoIgnX2fmQhNzs4CDcFJd5hdstFp0Y=", "controller"=>"paytms", "action"=>"paytmreturn"}	f
13	2017-01-30 10:29:37.323205	2017-01-30 10:29:37.323205	\N	\N	\N	\N	f
10	2017-01-30 06:42:21.030868	2017-01-30 14:50:12.200806	Looks like you cancelled the payment. You can try again now or if you faced any issues in completing the payment, please contact us	TXN_FAILURE	40	{"RESPCODE"=>"142", "RESPMSG"=>"Looks like you cancelled the payment. You can try again now or if you faced any issues in completing the payment, please contact us", "STATUS"=>"TXN_FAILURE", "MID"=>"Buclos65231899998128", "TXNAMOUNT"=>"6196.00", "ORDERID"=>"ORDFTW10", "TXNID"=>"32247865", "CHECKSUMHASH"=>"8wkoBq6uIlpfrT6Aaw2FKNsJ7gwWtTh1HG+eojZ4dxnppz44/JLDS97bCk6P3EZiMbOPpGZ/5ckA4K21U7VayU8OHm2Tv4dYvd1eWqUWqJc=", "controller"=>"paytms", "action"=>"paytmreturn"}	f
14	2017-01-30 18:41:10.28641	2017-01-30 18:41:10.28641	\N	\N	\N	\N	f
15	2017-01-31 05:48:47.930299	2017-01-31 05:48:47.930299	\N	\N	\N	\N	f
17	2017-01-31 12:39:43.018533	2017-01-31 12:39:43.018533	\N	\N	\N	\N	f
35	2017-02-06 14:11:17.79136	2017-02-06 14:11:17.79136	\N	\N	\N	\N	f
36	2017-02-06 14:55:35.746153	2017-02-06 14:55:35.746153	\N	\N	\N	\N	f
16	2017-01-31 09:47:51.170222	2017-01-31 14:18:27.414627	EMAIL is invalid.\r\n   	TXN_FAILURE	13	{"RESPCODE"=>"804", "RESPMSG"=>"EMAIL is invalid.\\r\\n   ", "STATUS"=>"TXN_FAILURE", "MID"=>"Buclos65231899998128", "TXNAMOUNT"=>"7246.00", "ORDERID"=>"ORDJTB16", "controller"=>"paytms", "action"=>"paytmreturn"}	f
18	2017-02-01 06:55:51.122396	2017-02-01 06:55:51.122396	\N	\N	\N	\N	f
19	2017-02-02 05:50:19.972561	2017-02-02 05:50:19.972561	\N	\N	\N	\N	f
20	2017-02-02 06:46:52.187615	2017-02-02 06:46:52.187615	\N	\N	\N	\N	f
21	2017-02-02 07:04:28.824113	2017-02-02 07:04:28.824113	\N	\N	\N	\N	f
22	2017-02-02 08:03:05.184496	2017-02-02 08:03:05.184496	\N	\N	\N	\N	f
23	2017-02-02 10:54:07.302567	2017-02-02 10:54:07.302567	\N	\N	\N	\N	f
24	2017-02-02 18:15:09.673189	2017-02-02 18:15:09.673189	\N	\N	\N	\N	f
25	2017-02-03 06:00:22.639176	2017-02-03 06:00:22.639176	\N	\N	\N	\N	f
26	2017-02-03 06:15:29.408025	2017-02-03 06:15:29.408025	\N	\N	\N	\N	f
27	2017-02-03 08:42:08.916676	2017-02-03 08:42:08.916676	\N	\N	\N	\N	f
28	2017-02-03 08:51:55.264502	2017-02-03 08:51:55.264502	\N	\N	\N	\N	f
29	2017-02-03 08:55:41.605442	2017-02-03 08:55:41.605442	\N	\N	\N	\N	f
30	2017-02-06 06:38:37.568177	2017-02-06 06:38:37.568177	\N	\N	\N	\N	f
31	2017-02-06 07:02:44.205754	2017-02-06 07:02:44.205754	\N	\N	\N	\N	f
32	2017-02-06 11:15:44.158266	2017-02-06 11:15:44.158266	\N	\N	\N	\N	f
37	2017-02-08 05:07:02.940855	2017-02-08 05:09:23.235905	Txn Successful.	TXN_SUCCESS	\N	{"MID"=>"Buclos65231899998128", "ORDERID"=>"ORDTLG37", "TXNAMOUNT"=>"2099.00", "CURRENCY"=>"INR", "TXNID"=>"32267049", "BANKTXNID"=>"536607", "STATUS"=>"TXN_SUCCESS", "RESPCODE"=>"01", "RESPMSG"=>"Txn Successful.", "TXNDATE"=>"2017-02-08 10:51:54.0", "GATEWAYNAME"=>"WALLET", "BANKNAME"=>"", "PAYMENTMODE"=>"PPI", "CHECKSUMHASH"=>"ZY5jYC3i/nPZRRLA0ANyUAPN8X8mlEAz8ITjdivIdk9v0Deg82M71qZc3C7UyE5sUB9EuVHUJI4f3Sl5Vcpur3BLu55l2PrzPai1O89Epgg=", "controller"=>"paytms", "action"=>"paytmreturn"}	f
38	2017-02-08 08:58:37.819784	2017-02-08 08:58:37.819784	\N	\N	\N	\N	f
39	2017-02-08 09:28:18.877571	2017-02-08 09:28:18.877571	\N	\N	\N	\N	f
40	2017-02-08 09:48:44.623108	2017-02-08 09:48:44.623108	\N	\N	\N	\N	f
41	2017-02-08 10:31:59.981188	2017-02-08 10:31:59.981188	\N	\N	\N	\N	f
42	2017-02-08 15:15:09.750822	2017-02-08 15:16:08.000432	Looks like you cancelled the payment. You can try again now or if you faced any issues in completing the payment, please contact us	TXN_FAILURE	48	{"RESPCODE"=>"142", "RESPMSG"=>"Looks like you cancelled the payment. You can try again now or if you faced any issues in completing the payment, please contact us", "STATUS"=>"TXN_FAILURE", "MID"=>"Buclos65231899998128", "TXNAMOUNT"=>"2398.00", "ORDERID"=>"ORDQFU42", "TXNID"=>"32270014", "CHECKSUMHASH"=>"oDeDLQ9zyQ+IAyO6ADAjR9huySQCsym2IrQD9NXnz48yPgOfCVvyhvK6BnXlA/n+VUz8E8ga5R7Em6JnaXEh8odVn80LzNy+OwUHtwbKMXA=", "controller"=>"paytms", "action"=>"paytmreturn"}	f
43	2017-02-08 15:18:34.765497	2017-02-08 15:18:34.765497	\N	\N	\N	\N	f
44	2017-02-08 16:15:34.26038	2017-02-08 16:16:37.391748	\N	\N	48	\N	t
45	2017-02-08 16:41:13.31978	2017-02-08 16:41:13.31978	\N	\N	\N	\N	f
46	2017-02-09 10:15:25.21832	2017-02-09 10:25:56.141293	Looks like you cancelled the payment. You can try again now or if you faced any issues in completing the payment, please contact us	TXN_FAILURE	\N	{"RESPCODE"=>"142", "RESPMSG"=>"Looks like you cancelled the payment. You can try again now or if you faced any issues in completing the payment, please contact us", "STATUS"=>"TXN_FAILURE", "MID"=>"Buclos65231899998128", "TXNAMOUNT"=>"7797.00", "ORDERID"=>"ORDSCT46", "TXNID"=>"32272028", "CHECKSUMHASH"=>"SS9XFTEPQWrrnzkbRB1wxUJ5xQve+8BfLlfEcdPUvLtyQDmZ+vQJLx3c6QDdeNdFT8Effg2Xf692k17bsogKXX73zx7WNToMJ4uqUhoGmgw=", "controller"=>"paytms", "action"=>"paytmreturn"}	t
47	2017-02-10 10:19:49.716896	2017-02-10 10:20:15.644401	\N	\N	53	\N	t
48	2017-02-10 10:23:37.821146	2017-02-10 10:23:56.723648	\N	\N	53	\N	t
49	2017-02-10 10:28:09.148704	2017-02-10 10:28:29.742002	\N	\N	53	\N	t
50	2017-02-14 10:17:10.624018	2017-02-14 10:28:11.363244	Txn Successful.	TXN_SUCCESS	53	{"MID"=>"Buclos65231899998128", "ORDERID"=>"ORDVGW50", "TXNAMOUNT"=>"1399.00", "CURRENCY"=>"INR", "TXNID"=>"32282273", "BANKTXNID"=>"548177", "STATUS"=>"TXN_SUCCESS", "RESPCODE"=>"01", "RESPMSG"=>"Txn Successful.", "TXNDATE"=>"2017-02-14 16:10:55.0", "GATEWAYNAME"=>"WALLET", "BANKNAME"=>"", "PAYMENTMODE"=>"PPI", "CHECKSUMHASH"=>"3m/mOmm1Ti5cCJVsMzm6Auc9q+/HXDycegcj+mkqLHulIoevtVTO8+9kZsugbCVVymqIeFWG2T0xwowDwkq9Tr1mwmOfrr0kEAEnytFBQEE=", "controller"=>"paytms", "action"=>"paytmreturn"}	f
51	2017-02-18 05:14:48.24154	2017-02-18 05:14:48.24154	\N	\N	\N	\N	f
52	2017-02-27 06:42:17.345557	2017-02-27 06:42:17.345557	\N	\N	\N	\N	f
\.


--
-- Data for Name: carts_customoptionimages; Type: TABLE DATA; Schema: public; Owner: postgres
--

COPY carts_customoptionimages (id, cart_id, customoptionimage_id, created_at, updated_at) FROM stdin;
1	29	6	2017-02-03 09:01:44.680723	2017-02-03 09:01:44.680723
2	29	4	2017-02-03 09:01:44.68492	2017-02-03 09:01:44.68492
3	27	1	2017-02-03 09:10:39.538197	2017-02-03 09:10:39.538197
4	29	10	2017-02-03 11:37:00.806658	2017-02-03 11:37:00.806658
5	29	5	2017-02-03 11:37:00.810505	2017-02-03 11:37:00.810505
6	21	10	2017-02-03 11:37:04.588753	2017-02-03 11:37:04.588753
7	21	5	2017-02-03 11:37:04.593079	2017-02-03 11:37:04.593079
8	29	6	2017-02-03 12:06:20.15877	2017-02-03 12:06:20.15877
9	29	1	2017-02-03 12:06:20.162031	2017-02-03 12:06:20.162031
10	21	6	2017-02-03 12:08:13.752888	2017-02-03 12:08:13.752888
11	21	1	2017-02-03 12:08:13.757474	2017-02-03 12:08:13.757474
12	21	6	2017-02-03 12:10:24.436951	2017-02-03 12:10:24.436951
13	21	1	2017-02-03 12:10:24.440715	2017-02-03 12:10:24.440715
14	21	6	2017-02-03 12:33:45.066419	2017-02-03 12:33:45.066419
15	21	1	2017-02-03 12:33:45.071285	2017-02-03 12:33:45.071285
16	29	6	2017-02-03 12:56:54.497935	2017-02-03 12:56:54.497935
17	29	1	2017-02-03 12:56:54.501692	2017-02-03 12:56:54.501692
\.


--
-- Name: carts_customoptionimages_id_seq; Type: SEQUENCE SET; Schema: public; Owner: postgres
--

SELECT pg_catalog.setval('carts_customoptionimages_id_seq', 17, true);


--
-- Name: carts_id_seq; Type: SEQUENCE SET; Schema: public; Owner: postgres
--

SELECT pg_catalog.setval('carts_id_seq', 52, true);


--
-- Data for Name: categories; Type: TABLE DATA; Schema: public; Owner: postgres
--

COPY categories (id, name, created_at, updated_at, parent_id, "position", slug) FROM stdin;
1	TOPS	2017-01-19 11:05:50.981812	2017-02-11 07:10:11.685313	\N	2	tops
2	DRESSES	2017-01-19 11:06:21.351309	2017-02-11 07:10:11.691286	\N	1	dresses
3	BOTTOMS	2017-01-19 11:06:33.512989	2017-02-11 07:10:11.695664	\N	3	bottoms
\.


--
-- Name: categories_id_seq; Type: SEQUENCE SET; Schema: public; Owner: postgres
--

SELECT pg_catalog.setval('categories_id_seq', 3, true);


--
-- Data for Name: categorizations; Type: TABLE DATA; Schema: public; Owner: postgres
--

COPY categorizations (id, product_id, category_id, created_at, updated_at) FROM stdin;
5	5	1	2017-01-24 12:51:35.732796	2017-01-24 12:51:35.732796
6	6	1	2017-01-24 12:51:35.752222	2017-01-24 12:51:35.752222
7	7	1	2017-01-24 12:51:35.768999	2017-01-24 12:51:35.768999
8	8	1	2017-01-24 12:51:35.78757	2017-01-24 12:51:35.78757
9	9	1	2017-01-24 12:51:35.803652	2017-01-24 12:51:35.803652
10	10	1	2017-01-24 12:51:35.819983	2017-01-24 12:51:35.819983
11	11	1	2017-01-24 12:51:35.845889	2017-01-24 12:51:35.845889
12	12	1	2017-01-24 12:51:35.872089	2017-01-24 12:51:35.872089
13	13	1	2017-01-24 12:51:35.888377	2017-01-24 12:51:35.888377
14	14	1	2017-01-24 12:51:35.906675	2017-01-24 12:51:35.906675
15	15	1	2017-01-24 12:51:35.922935	2017-01-24 12:51:35.922935
16	16	1	2017-01-24 12:51:35.938436	2017-01-24 12:51:35.938436
17	17	1	2017-01-24 12:51:35.954281	2017-01-24 12:51:35.954281
18	18	1	2017-01-24 12:51:35.970276	2017-01-24 12:51:35.970276
19	19	1	2017-01-24 12:51:35.985912	2017-01-24 12:51:35.985912
20	20	1	2017-01-24 12:51:36.002493	2017-01-24 12:51:36.002493
21	21	1	2017-01-24 12:51:36.020797	2017-01-24 12:51:36.020797
22	22	1	2017-01-24 12:51:36.038922	2017-01-24 12:51:36.038922
23	23	1	2017-01-24 12:51:36.058317	2017-01-24 12:51:36.058317
24	24	1	2017-01-24 12:51:36.10294	2017-01-24 12:51:36.10294
25	25	1	2017-01-24 12:51:36.124192	2017-01-24 12:51:36.124192
26	26	1	2017-01-24 12:51:36.140041	2017-01-24 12:51:36.140041
27	27	1	2017-01-24 12:51:36.158173	2017-01-24 12:51:36.158173
28	28	1	2017-01-24 12:51:36.174043	2017-01-24 12:51:36.174043
29	29	1	2017-01-24 12:51:36.206359	2017-01-24 12:51:36.206359
30	30	1	2017-01-24 12:51:36.222701	2017-01-24 12:51:36.222701
31	31	1	2017-01-24 12:51:36.24002	2017-01-24 12:51:36.24002
32	32	1	2017-01-24 12:51:36.271787	2017-01-24 12:51:36.271787
33	33	1	2017-01-24 12:51:36.304007	2017-01-24 12:51:36.304007
34	34	1	2017-01-24 12:51:36.321281	2017-01-24 12:51:36.321281
35	35	1	2017-01-24 12:51:36.340493	2017-01-24 12:51:36.340493
36	36	1	2017-01-24 12:51:36.36302	2017-01-24 12:51:36.36302
37	37	1	2017-01-24 12:51:36.381988	2017-01-24 12:51:36.381988
38	38	1	2017-01-24 12:51:36.39955	2017-01-24 12:51:36.39955
39	39	1	2017-01-24 12:51:36.420419	2017-01-24 12:51:36.420419
40	40	1	2017-01-24 12:51:36.451026	2017-01-24 12:51:36.451026
41	41	1	2017-01-24 12:51:36.481518	2017-01-24 12:51:36.481518
42	42	1	2017-01-24 12:51:36.497769	2017-01-24 12:51:36.497769
43	43	1	2017-01-24 12:51:36.514252	2017-01-24 12:51:36.514252
44	44	2	2017-01-24 12:51:36.537906	2017-01-24 12:51:36.537906
45	45	2	2017-01-24 12:51:36.568245	2017-01-24 12:51:36.568245
46	46	2	2017-01-24 12:51:36.590351	2017-01-24 12:51:36.590351
47	47	2	2017-01-24 12:51:36.612444	2017-01-24 12:51:36.612444
48	48	2	2017-01-24 12:51:36.631445	2017-01-24 12:51:36.631445
49	49	2	2017-01-24 12:51:36.648818	2017-01-24 12:51:36.648818
50	50	2	2017-01-24 12:51:36.665423	2017-01-24 12:51:36.665423
51	51	2	2017-01-24 12:51:36.68078	2017-01-24 12:51:36.68078
52	52	2	2017-01-24 12:51:36.696303	2017-01-24 12:51:36.696303
53	53	2	2017-01-24 12:51:36.711574	2017-01-24 12:51:36.711574
54	54	2	2017-01-24 12:51:36.727564	2017-01-24 12:51:36.727564
55	55	2	2017-01-24 12:51:36.743749	2017-01-24 12:51:36.743749
56	56	2	2017-01-24 12:51:36.759544	2017-01-24 12:51:36.759544
57	57	2	2017-01-24 12:51:36.775337	2017-01-24 12:51:36.775337
58	58	2	2017-01-24 12:51:36.791132	2017-01-24 12:51:36.791132
59	59	2	2017-01-24 12:51:36.806466	2017-01-24 12:51:36.806466
60	60	2	2017-01-24 12:51:36.824113	2017-01-24 12:51:36.824113
61	61	2	2017-01-24 12:51:36.841808	2017-01-24 12:51:36.841808
62	62	2	2017-01-24 12:51:36.860845	2017-01-24 12:51:36.860845
63	63	2	2017-01-24 12:51:36.879306	2017-01-24 12:51:36.879306
64	64	2	2017-01-24 12:51:36.897789	2017-01-24 12:51:36.897789
65	65	2	2017-01-24 12:51:36.91625	2017-01-24 12:51:36.91625
66	66	2	2017-01-24 12:51:36.934271	2017-01-24 12:51:36.934271
67	67	2	2017-01-24 12:51:36.952415	2017-01-24 12:51:36.952415
68	68	2	2017-01-24 12:51:36.971405	2017-01-24 12:51:36.971405
69	69	2	2017-01-24 12:51:36.989551	2017-01-24 12:51:36.989551
70	70	2	2017-01-24 12:51:37.008531	2017-01-24 12:51:37.008531
71	71	2	2017-01-24 12:51:37.036232	2017-01-24 12:51:37.036232
72	72	2	2017-01-24 12:51:37.056106	2017-01-24 12:51:37.056106
73	73	2	2017-01-24 12:51:37.074346	2017-01-24 12:51:37.074346
74	74	3	2017-01-24 12:51:37.094124	2017-01-24 12:51:37.094124
75	75	3	2017-01-24 12:51:37.11424	2017-01-24 12:51:37.11424
76	76	3	2017-01-24 12:51:37.134	2017-01-24 12:51:37.134
77	77	3	2017-01-24 12:51:37.153159	2017-01-24 12:51:37.153159
78	78	3	2017-01-24 12:51:37.171312	2017-01-24 12:51:37.171312
79	79	3	2017-01-24 12:51:37.188606	2017-01-24 12:51:37.188606
80	80	3	2017-01-24 12:51:37.206395	2017-01-24 12:51:37.206395
81	81	3	2017-01-24 12:51:37.228172	2017-01-24 12:51:37.228172
82	82	3	2017-01-24 12:51:37.247182	2017-01-24 12:51:37.247182
83	83	3	2017-01-24 12:51:37.295195	2017-01-24 12:51:37.295195
84	84	3	2017-01-24 12:51:37.313867	2017-01-24 12:51:37.313867
85	85	3	2017-01-24 12:51:37.332465	2017-01-24 12:51:37.332465
86	86	3	2017-01-24 12:51:37.350787	2017-01-24 12:51:37.350787
87	87	3	2017-01-24 12:51:37.369369	2017-01-24 12:51:37.369369
88	88	3	2017-01-24 12:51:37.388119	2017-01-24 12:51:37.388119
89	89	3	2017-01-24 12:51:37.40625	2017-01-24 12:51:37.40625
90	90	3	2017-01-24 12:51:37.427177	2017-01-24 12:51:37.427177
91	91	3	2017-01-24 12:51:37.446107	2017-01-24 12:51:37.446107
92	92	3	2017-01-24 12:51:37.463337	2017-01-24 12:51:37.463337
93	93	3	2017-01-24 12:51:37.500887	2017-01-24 12:51:37.500887
94	94	3	2017-01-24 12:51:37.517763	2017-01-24 12:51:37.517763
\.


--
-- Name: categorizations_id_seq; Type: SEQUENCE SET; Schema: public; Owner: postgres
--

SELECT pg_catalog.setval('categorizations_id_seq', 94, true);


--
-- Data for Name: colors; Type: TABLE DATA; Schema: public; Owner: postgres
--

COPY colors (id, name, created_at, updated_at) FROM stdin;
1	#325478	2017-01-24 10:01:53.63249	2017-01-24 10:01:53.63249
2	#545852	2017-01-24 10:02:00.230327	2017-01-24 10:02:00.230327
3	#698545	2017-01-24 10:02:06.13368	2017-01-24 10:02:06.13368
12	#008000	2017-01-24 12:51:36.371766	2017-01-28 12:56:04.568208
15	#808080	2017-01-24 12:51:37.415641	2017-01-28 12:56:30.889884
14	#a52a2a	2017-01-24 12:51:37.216507	2017-01-28 12:57:00.093638
13	#ffa500	2017-01-24 12:51:36.40901	2017-01-28 12:58:22.460568
11	#ff0000	2017-01-24 12:51:36.254963	2017-01-28 12:58:58.07988
10	#ffff00	2017-01-24 12:51:36.189443	2017-01-28 12:59:28.407098
9	#a52a2a	2017-01-24 12:51:36.148233	2017-01-28 12:59:57.525925
8	#0000ff	2017-01-24 12:51:35.856641	2017-01-28 13:00:23.217934
7	#000000	2017-01-24 12:51:35.831193	2017-01-28 13:00:57.268062
6	#ffc0cb	2017-01-24 12:51:35.777721	2017-01-28 13:01:20.766847
5	#ffc0cb	2017-01-24 12:51:35.742474	2017-01-28 13:01:32.085252
4	#ffffff	2017-01-24 12:51:35.708843	2017-01-28 13:01:45.40828
\.


--
-- Name: colors_id_seq; Type: SEQUENCE SET; Schema: public; Owner: postgres
--

SELECT pg_catalog.setval('colors_id_seq', 15, true);


--
-- Data for Name: colors_products; Type: TABLE DATA; Schema: public; Owner: postgres
--

COPY colors_products (id, product_id, color_id, created_at, updated_at) FROM stdin;
10	5	4	2017-01-24 12:51:35.73512	2017-01-24 12:51:35.73512
11	6	5	2017-01-24 12:51:35.754046	2017-01-24 12:51:35.754046
12	7	5	2017-01-24 12:51:35.770829	2017-01-24 12:51:35.770829
13	8	6	2017-01-24 12:51:35.789399	2017-01-24 12:51:35.789399
14	9	5	2017-01-24 12:51:35.805493	2017-01-24 12:51:35.805493
15	10	4	2017-01-24 12:51:35.821964	2017-01-24 12:51:35.821964
16	11	7	2017-01-24 12:51:35.848313	2017-01-24 12:51:35.848313
17	12	8	2017-01-24 12:51:35.873766	2017-01-24 12:51:35.873766
18	13	4	2017-01-24 12:51:35.890312	2017-01-24 12:51:35.890312
19	14	5	2017-01-24 12:51:35.908372	2017-01-24 12:51:35.908372
20	15	5	2017-01-24 12:51:35.924556	2017-01-24 12:51:35.924556
21	16	4	2017-01-24 12:51:35.940049	2017-01-24 12:51:35.940049
22	17	8	2017-01-24 12:51:35.955916	2017-01-24 12:51:35.955916
23	18	5	2017-01-24 12:51:35.971883	2017-01-24 12:51:35.971883
24	19	7	2017-01-24 12:51:35.98758	2017-01-24 12:51:35.98758
25	20	4	2017-01-24 12:51:36.004147	2017-01-24 12:51:36.004147
26	21	7	2017-01-24 12:51:36.022543	2017-01-24 12:51:36.022543
27	22	7	2017-01-24 12:51:36.040702	2017-01-24 12:51:36.040702
28	23	7	2017-01-24 12:51:36.064393	2017-01-24 12:51:36.064393
29	24	5	2017-01-24 12:51:36.105165	2017-01-24 12:51:36.105165
30	25	7	2017-01-24 12:51:36.126234	2017-01-24 12:51:36.126234
31	26	4	2017-01-24 12:51:36.141732	2017-01-24 12:51:36.141732
32	27	9	2017-01-24 12:51:36.159868	2017-01-24 12:51:36.159868
33	28	9	2017-01-24 12:51:36.175834	2017-01-24 12:51:36.175834
34	29	10	2017-01-24 12:51:36.208061	2017-01-24 12:51:36.208061
35	30	9	2017-01-24 12:51:36.224385	2017-01-24 12:51:36.224385
36	31	7	2017-01-24 12:51:36.24188	2017-01-24 12:51:36.24188
37	32	11	2017-01-24 12:51:36.273488	2017-01-24 12:51:36.273488
38	33	11	2017-01-24 12:51:36.305671	2017-01-24 12:51:36.305671
39	34	10	2017-01-24 12:51:36.323234	2017-01-24 12:51:36.323234
40	35	7	2017-01-24 12:51:36.34253	2017-01-24 12:51:36.34253
41	36	5	2017-01-24 12:51:36.364735	2017-01-24 12:51:36.364735
42	37	12	2017-01-24 12:51:36.383848	2017-01-24 12:51:36.383848
43	38	11	2017-01-24 12:51:36.401366	2017-01-24 12:51:36.401366
44	39	13	2017-01-24 12:51:36.422656	2017-01-24 12:51:36.422656
45	40	5	2017-01-24 12:51:36.453696	2017-01-24 12:51:36.453696
46	41	8	2017-01-24 12:51:36.48318	2017-01-24 12:51:36.48318
47	42	10	2017-01-24 12:51:36.499526	2017-01-24 12:51:36.499526
48	43	10	2017-01-24 12:51:36.51588	2017-01-24 12:51:36.51588
49	44	8	2017-01-24 12:51:36.540947	2017-01-24 12:51:36.540947
50	45	7	2017-01-24 12:51:36.570607	2017-01-24 12:51:36.570607
51	46	7	2017-01-24 12:51:36.592532	2017-01-24 12:51:36.592532
52	47	4	2017-01-24 12:51:36.614896	2017-01-24 12:51:36.614896
53	48	12	2017-01-24 12:51:36.633576	2017-01-24 12:51:36.633576
54	49	13	2017-01-24 12:51:36.650742	2017-01-24 12:51:36.650742
55	50	8	2017-01-24 12:51:36.667047	2017-01-24 12:51:36.667047
56	51	5	2017-01-24 12:51:36.68241	2017-01-24 12:51:36.68241
57	52	8	2017-01-24 12:51:36.698146	2017-01-24 12:51:36.698146
58	53	7	2017-01-24 12:51:36.713194	2017-01-24 12:51:36.713194
59	54	8	2017-01-24 12:51:36.729299	2017-01-24 12:51:36.729299
60	55	4	2017-01-24 12:51:36.74545	2017-01-24 12:51:36.74545
61	56	7	2017-01-24 12:51:36.761329	2017-01-24 12:51:36.761329
62	57	8	2017-01-24 12:51:36.777034	2017-01-24 12:51:36.777034
63	58	8	2017-01-24 12:51:36.792711	2017-01-24 12:51:36.792711
64	59	7	2017-01-24 12:51:36.808066	2017-01-24 12:51:36.808066
65	60	7	2017-01-24 12:51:36.826054	2017-01-24 12:51:36.826054
66	61	9	2017-01-24 12:51:36.843743	2017-01-24 12:51:36.843743
67	62	7	2017-01-24 12:51:36.862882	2017-01-24 12:51:36.862882
68	63	8	2017-01-24 12:51:36.881287	2017-01-24 12:51:36.881287
69	64	8	2017-01-24 12:51:36.899737	2017-01-24 12:51:36.899737
70	65	10	2017-01-24 12:51:36.918253	2017-01-24 12:51:36.918253
71	66	13	2017-01-24 12:51:36.936266	2017-01-24 12:51:36.936266
72	67	5	2017-01-24 12:51:36.954282	2017-01-24 12:51:36.954282
73	68	13	2017-01-24 12:51:36.973255	2017-01-24 12:51:36.973255
74	69	13	2017-01-24 12:51:36.99141	2017-01-24 12:51:36.99141
75	70	7	2017-01-24 12:51:37.010371	2017-01-24 12:51:37.010371
76	71	5	2017-01-24 12:51:37.038386	2017-01-24 12:51:37.038386
77	72	7	2017-01-24 12:51:37.058016	2017-01-24 12:51:37.058016
78	73	6	2017-01-24 12:51:37.076343	2017-01-24 12:51:37.076343
79	74	8	2017-01-24 12:51:37.096265	2017-01-24 12:51:37.096265
80	75	7	2017-01-24 12:51:37.116411	2017-01-24 12:51:37.116411
81	76	7	2017-01-24 12:51:37.135862	2017-01-24 12:51:37.135862
82	77	7	2017-01-24 12:51:37.1552	2017-01-24 12:51:37.1552
83	78	7	2017-01-24 12:51:37.173288	2017-01-24 12:51:37.173288
84	79	4	2017-01-24 12:51:37.190591	2017-01-24 12:51:37.190591
85	80	5	2017-01-24 12:51:37.208316	2017-01-24 12:51:37.208316
86	81	14	2017-01-24 12:51:37.230146	2017-01-24 12:51:37.230146
87	82	7	2017-01-24 12:51:37.277576	2017-01-24 12:51:37.277576
88	83	7	2017-01-24 12:51:37.297165	2017-01-24 12:51:37.297165
89	84	8	2017-01-24 12:51:37.315987	2017-01-24 12:51:37.315987
90	85	4	2017-01-24 12:51:37.334319	2017-01-24 12:51:37.334319
91	86	13	2017-01-24 12:51:37.35267	2017-01-24 12:51:37.35267
92	87	8	2017-01-24 12:51:37.371431	2017-01-24 12:51:37.371431
93	88	7	2017-01-24 12:51:37.390206	2017-01-24 12:51:37.390206
94	89	7	2017-01-24 12:51:37.408145	2017-01-24 12:51:37.408145
95	90	15	2017-01-24 12:51:37.429487	2017-01-24 12:51:37.429487
96	91	11	2017-01-24 12:51:37.44787	2017-01-24 12:51:37.44787
97	92	7	2017-01-24 12:51:37.465167	2017-01-24 12:51:37.465167
98	93	7	2017-01-24 12:51:37.502647	2017-01-24 12:51:37.502647
99	94	7	2017-01-24 12:51:37.519455	2017-01-24 12:51:37.519455
\.


--
-- Name: colors_products_id_seq; Type: SEQUENCE SET; Schema: public; Owner: postgres
--

SELECT pg_catalog.setval('colors_products_id_seq', 99, true);


--
-- Data for Name: contact_forms; Type: TABLE DATA; Schema: public; Owner: postgres
--

COPY contact_forms (id, name, email, message, created_at, updated_at) FROM stdin;
1	Mrinal	mrinalbenipuri@gmail.com	\N	2017-01-28 13:10:25.811639	2017-01-28 13:10:25.811639
2	XYZ	neha.sep12@gmail.com	\N	2017-02-03 09:15:02.434193	2017-02-03 09:15:02.434193
3	kedar	kedarrampathak@gmail.com	\N	2017-02-09 10:49:02.661054	2017-02-09 10:49:02.661054
\.


--
-- Name: contact_forms_id_seq; Type: SEQUENCE SET; Schema: public; Owner: postgres
--

SELECT pg_catalog.setval('contact_forms_id_seq', 3, true);


--
-- Data for Name: coupon_codes; Type: TABLE DATA; Schema: public; Owner: postgres
--

COPY coupon_codes (id, coupon_code, reedemed, percentage, created_at, updated_at, cart_id) FROM stdin;
69	WHQGCTQQCSVXJXNRJLCK	\N	\N	2017-01-27 15:47:22.802022	2017-01-27 15:47:22.802022	\N
70	PWMWVDFFRARWBDAWNFHX	\N	\N	2017-01-27 15:47:22.804149	2017-01-27 15:47:22.804149	\N
71	ZOQLPXNSWMMKVOBSHLCY	\N	\N	2017-01-27 17:18:13.578219	2017-01-27 17:18:13.578219	\N
72	NPVCFKZEGRGQPWYAGUFV	\N	\N	2017-01-27 17:18:13.579985	2017-01-27 17:18:13.579985	\N
73	BNBBMEXJSAWXMSULVDYI	\N	\N	2017-01-28 14:01:25.859064	2017-01-28 14:01:25.859064	\N
74	IFWUSSPHAOKNKUFNZACS	\N	\N	2017-01-28 14:01:25.861079	2017-01-28 14:01:25.861079	\N
75	KGHYSYAXXPOTOOBZJLFF	\N	\N	2017-01-29 09:57:31.929848	2017-01-29 09:57:31.929848	\N
76	FEYGCSIXTKDXORWCXRDV	\N	\N	2017-01-29 09:57:31.931728	2017-01-29 09:57:31.931728	\N
77	HVPDDRRTWTFTXVOXWWUT	\N	\N	2017-01-30 11:04:51.737358	2017-01-30 11:04:51.737358	\N
78	BADBGSMBIDMJFKMYPNHF	\N	\N	2017-01-30 11:04:51.738762	2017-01-30 11:04:51.738762	\N
21	JKCQQOUPEICHEPJAVXDD	\N	\N	2017-01-19 14:19:28.10366	2017-01-19 14:19:28.10366	\N
22	UZCBGVOTBUPYZARWSJAH	\N	\N	2017-01-19 14:19:28.105482	2017-01-19 14:19:28.105482	\N
23	XNQZKYIUGFKQCBRFUVQS	\N	\N	2017-01-19 14:35:30.195344	2017-01-19 14:35:30.195344	\N
24	BWLOQTJFTFWZJPWRSQTV	\N	\N	2017-01-19 14:35:30.197931	2017-01-19 14:35:30.197931	\N
25	NDCUBNTTQSTBRPVELCYB	\N	\N	2017-01-19 14:53:40.874062	2017-01-19 14:53:40.874062	\N
26	EJSHWCCBJRXICEQBZEAB	\N	\N	2017-01-19 14:53:40.876508	2017-01-19 14:53:40.876508	\N
79	MXVTKNHOLILYRZNOZZRH	\N	\N	2017-01-30 14:33:48.773964	2017-01-30 14:33:48.773964	\N
80	RXBJXWHYMVYPIXQUEECZ	\N	\N	2017-01-30 14:33:48.775882	2017-01-30 14:33:48.775882	\N
81	NKUCCEHNOXYEEKHFNRWE	\N	\N	2017-02-01 06:51:49.523261	2017-02-01 06:51:49.523261	\N
82	VCDVOYARZVOSLQCIVLYN	\N	\N	2017-02-01 06:51:49.525365	2017-02-01 06:51:49.525365	\N
83	WSESTREKKKKMNKGNSNMI	\N	\N	2017-02-01 10:26:12.805976	2017-02-01 10:26:12.805976	\N
84	JZTSECWKVWIWOHSGYTVV	\N	\N	2017-02-01 10:26:12.808411	2017-02-01 10:26:12.808411	\N
85	FBIPWQZTWNUQPXBIDTOB	\N	\N	2017-02-01 10:44:35.408001	2017-02-01 10:44:35.408001	\N
86	LIQGTVBJSJIZZNHJWOTY	\N	\N	2017-02-01 10:44:35.409243	2017-02-01 10:44:35.409243	\N
87	JEAZUTEDLQQBDFJUHCRE	\N	\N	2017-02-01 11:12:28.539986	2017-02-01 11:12:28.539986	\N
88	MXMOYPGPLUUGMWUMAZGF	\N	\N	2017-02-01 11:12:28.542133	2017-02-01 11:12:28.542133	\N
89	OOEBUUIFIONHUUQOSHJK	\N	\N	2017-02-01 11:43:43.070563	2017-02-01 11:43:43.070563	\N
90	EVWEPUZHTUEJJPGAHVGX	\N	\N	2017-02-01 11:43:43.072868	2017-02-01 11:43:43.072868	\N
91	KSEHRCAZSGWDWAZDHCED	\N	\N	2017-02-01 11:47:29.24244	2017-02-01 11:47:29.24244	\N
92	PQACXHAGJQTYIETOYLMK	\N	\N	2017-02-01 11:47:29.245142	2017-02-01 11:47:29.245142	\N
93	LCHZQHOELIBTFBFHTAJF	\N	\N	2017-02-01 11:55:55.923779	2017-02-01 11:55:55.923779	\N
94	IDRINGXGICBHMKIHMITY	\N	\N	2017-02-01 11:55:55.925873	2017-02-01 11:55:55.925873	\N
95	SGYMJVSQRVLBMBCUZMFU	\N	\N	2017-02-01 12:03:05.755502	2017-02-01 12:03:05.755502	\N
96	TOJNEUJBQIYOHOBPIHIS	\N	\N	2017-02-01 12:03:05.758662	2017-02-01 12:03:05.758662	\N
97	JQLACFA	\N	\N	2017-02-08 12:40:57.294629	2017-02-08 12:40:57.294629	\N
98	IGPYUPQ	\N	\N	2017-02-08 12:40:57.298345	2017-02-08 12:40:57.298345	\N
99	TGWGNRP	\N	\N	2017-02-08 16:42:47.702802	2017-02-08 16:42:47.702802	\N
100	REZALHG	\N	\N	2017-02-08 16:42:47.705398	2017-02-08 16:42:47.705398	\N
101	ZPWMREX	\N	\N	2017-02-09 08:44:31.721598	2017-02-09 08:44:31.721598	\N
102	EOLKRZM	\N	\N	2017-02-09 08:44:31.724307	2017-02-09 08:44:31.724307	\N
103	CNBAYIT	\N	\N	2017-02-09 08:45:47.594871	2017-02-09 08:45:47.594871	\N
104	WLJQYAX	\N	\N	2017-02-09 08:45:47.596772	2017-02-09 08:45:47.596772	\N
105	ADUCCUQ	\N	\N	2017-02-09 10:00:51.130929	2017-02-09 10:00:51.130929	\N
106	OLXLKJC	\N	\N	2017-02-09 10:00:51.133954	2017-02-09 10:00:51.133954	\N
107	FZJEYFW	\N	\N	2017-02-09 10:01:26.222956	2017-02-09 10:01:26.222956	\N
108	NHPVFOQ	\N	\N	2017-02-09 10:01:26.225158	2017-02-09 10:01:26.225158	\N
111	CMCVNYN	\N	\N	2017-02-20 07:02:39.09639	2017-02-20 07:02:39.09639	\N
112	AOSGSBX	\N	\N	2017-02-20 07:02:39.10058	2017-02-20 07:02:39.10058	\N
113	ENDQINA	\N	\N	2017-02-21 14:43:29.828035	2017-02-21 14:43:29.828035	\N
114	CCDECGB	\N	\N	2017-02-21 14:43:29.832213	2017-02-21 14:43:29.832213	\N
\.


--
-- Name: coupon_codes_id_seq; Type: SEQUENCE SET; Schema: public; Owner: postgres
--

SELECT pg_catalog.setval('coupon_codes_id_seq', 114, true);


--
-- Data for Name: custom_designs; Type: TABLE DATA; Schema: public; Owner: postgres
--

COPY custom_designs (id, created_at, updated_at) FROM stdin;
\.


--
-- Name: custom_designs_id_seq; Type: SEQUENCE SET; Schema: public; Owner: postgres
--

SELECT pg_catalog.setval('custom_designs_id_seq', 1, false);


--
-- Data for Name: custom_mesurments; Type: TABLE DATA; Schema: public; Owner: postgres
--

COPY custom_mesurments (id, shoulder, shoulder_descr, shoulder_inch, length_to_toe, length_to_toe_descr, length_to_toe_inch, length_to_west, length_to_west_descr, length_to_west_inch, length_west_to_toe, length_west_to_toe_descr, length_west_to_toe_inch, neck, neck_descr, neck_inch, xfont, xfont_descr, xfont_inch, bust, bust_descr, bust_inch, under_bust, under_bust_descr, under_bust_inch, waist, waist_descr, waist_inch, lowwaist, lowwaist_descr, lowwaist_inch, hips, hips_descr, hips_inch, sleeveelbow, sleeveelbow_descr, sleeveelbow_inch, sleeve_fullength, sleeve_fullentgh_descr, sleeve_fulllength_inch, armhole, armhome_descr, armhole_inch, muscle, muscle_descr, muscle_inch, elbow, elbow_descr, elbow_inch, cuff, cuff_descr, cuff_inch, thigh, thigh_descr, thigh_inch, knee, knee_descr, knee_inch, calf, calf_descr, calf_inch, ankle, ankle_descr, ankle_inch, user_id, created_at, updated_at, cart_id, arm_mid) FROM stdin;
1	\N	\N	\N	\N	\N	\N	\N	\N	\N	\N	\N	\N	\N	\N	\N	\N	\N	\N	\N	\N	\N	\N	\N	\N	\N	\N	\N	\N	\N	\N	\N	\N	\N	\N	\N	\N	\N	\N	\N	\N	\N	\N	\N	\N	\N	\N	\N	\N	\N	\N	\N	\N	\N	\N	\N	\N	\N	\N	\N	\N	\N	\N	\N	\N	2017-01-19 15:06:49.927808	2017-01-19 15:06:49.927808	\N	\N
2	\N	\N	\N	\N	\N	\N	\N	\N	\N	\N	\N	\N	\N	\N	\N	\N	\N	\N	\N	\N	\N	\N	\N	\N	\N	\N	\N	\N	\N	\N	\N	\N	\N	\N	\N	\N	\N	\N	\N	\N	\N	\N	\N	\N	\N	\N	\N	\N	\N	\N	\N	\N	\N	\N	\N	\N	\N	\N	\N	\N	\N	\N	\N	\N	2017-01-19 15:10:27.905761	2017-01-19 15:10:27.905761	\N	\N
3	\N	\N	\N	\N	\N	\N	\N	\N	\N	\N	\N	\N	\N	\N	\N	\N	\N	\N	\N	\N	\N	\N	\N	\N	\N	\N	\N	\N	\N	\N	\N	\N	\N	\N	\N	\N	\N	\N	\N	\N	\N	\N	\N	\N	\N	\N	\N	\N	\N	\N	\N	\N	\N	\N	\N	\N	\N	\N	\N	\N	\N	\N	\N	\N	2017-01-23 13:21:00.798181	2017-01-23 13:21:00.798181	\N	\N
4	\N	\N	\N	\N	\N	\N	\N	\N	\N	\N	\N	\N	\N	\N	\N	\N	\N	\N	\N	\N	\N	\N	\N	\N	\N	\N	\N	\N	\N	\N	\N	\N	\N	\N	\N	\N	\N	\N	\N	\N	\N	\N	\N	\N	\N	\N	\N	\N	\N	\N	\N	\N	\N	\N	\N	\N	\N	\N	\N	\N	\N	\N	\N	\N	2017-01-23 13:22:25.319842	2017-01-23 13:22:25.319842	\N	\N
5	\N	\N	\N	\N	\N	\N	\N	\N	\N	\N	\N	\N	\N	\N	\N	\N	\N	\N	\N	\N	\N	\N	\N	\N	\N	\N	\N	\N	\N	\N	\N	\N	\N	\N	\N	\N	\N	\N	\N	\N	\N	\N	\N	\N	\N	\N	\N	\N	\N	\N	\N	\N	\N	\N	\N	\N	\N	\N	\N	\N	\N	\N	\N	\N	2017-01-23 13:23:20.118278	2017-01-23 13:23:20.118278	\N	\N
6	\N	\N	\N	\N	\N	\N	\N	\N	\N	\N	\N	\N	\N	\N	\N	\N	\N	\N	\N	\N	\N	\N	\N	\N	\N	\N	\N	\N	\N	\N	\N	\N	\N	\N	\N	\N	\N	\N	\N	\N	\N	\N	\N	\N	\N	\N	\N	\N	\N	\N	\N	\N	\N	\N	\N	\N	\N	\N	\N	\N	\N	\N	\N	\N	2017-01-23 13:25:58.728201	2017-01-23 13:25:58.728201	\N	\N
7	\N	\N	\N	\N	\N	\N	\N	\N	\N	\N	\N	\N	\N	\N	\N	\N	\N	\N	\N	\N	\N	\N	\N	\N	\N	\N	\N	\N	\N	\N	\N	\N	\N	\N	\N	\N	\N	\N	\N	\N	\N	\N	\N	\N	\N	\N	\N	\N	\N	\N	\N	\N	\N	\N	\N	\N	\N	\N	\N	\N	\N	\N	\N	\N	2017-01-23 13:26:54.159139	2017-01-23 13:26:54.159139	\N	\N
8	\N	\N	\N	\N	\N	\N	\N	\N	\N	\N	\N	\N	\N	\N	\N	\N	\N	\N	\N	\N	\N	\N	\N	\N	\N	\N	\N	\N	\N	\N	\N	\N	\N	\N	\N	\N	\N	\N	\N	\N	\N	\N	\N	\N	\N	\N	\N	\N	\N	\N	\N	\N	\N	\N	\N	\N	\N	\N	\N	\N	\N	\N	\N	\N	2017-01-23 13:36:12.263713	2017-01-23 13:36:12.263713	\N	\N
9	\N	\N	\N	\N	\N	\N	\N	\N	\N	\N	\N	\N	\N	\N	\N	\N	\N	\N	\N	\N	\N	\N	\N	\N	\N	\N	\N	\N	\N	\N	\N	\N	\N	\N	\N	\N	\N	\N	\N	\N	\N	\N	\N	\N	\N	\N	\N	\N	\N	\N	\N	\N	\N	\N	\N	\N	\N	\N	\N	\N	\N	\N	\N	\N	2017-01-24 10:38:06.125965	2017-01-24 10:38:06.125965	\N	\N
10	\N	\N	\N	\N	\N	\N	\N	\N	\N	\N	\N	\N	\N	\N	\N	\N	\N	\N	\N	\N	\N	\N	\N	\N	\N	\N	\N	\N	\N	\N	\N	\N	\N	\N	\N	\N	\N	\N	\N	\N	\N	\N	\N	\N	\N	\N	\N	\N	\N	\N	\N	\N	\N	\N	\N	\N	\N	\N	\N	\N	\N	\N	\N	\N	2017-01-24 12:54:31.560741	2017-01-24 12:54:31.560741	\N	\N
11	\N	\N	\N	\N	\N	\N	\N	\N	\N	\N	\N	\N	\N	\N	\N	\N	\N	\N	\N	\N	\N	\N	\N	\N	\N	\N	\N	\N	\N	\N	\N	\N	\N	\N	\N	\N	\N	\N	\N	\N	\N	\N	\N	\N	\N	\N	\N	\N	\N	\N	\N	\N	\N	\N	\N	\N	\N	\N	\N	\N	\N	\N	\N	\N	2017-01-25 07:56:01.796908	2017-01-25 07:56:01.796908	\N	\N
12	\N	\N	\N	\N	\N	\N	\N	\N	\N	\N	\N	\N	\N	\N	\N	\N	\N	\N	\N	\N	\N	\N	\N	\N	\N	\N	\N	\N	\N	\N	\N	\N	\N	\N	\N	\N	\N	\N	\N	\N	\N	\N	\N	\N	\N	\N	\N	\N	\N	\N	\N	\N	\N	\N	\N	\N	\N	\N	\N	\N	\N	\N	\N	\N	2017-01-25 08:00:27.645553	2017-01-25 08:00:27.645553	\N	\N
13	\N	\N		\N	\N		\N	\N		\N	\N		\N	\N		\N	\N		\N	\N		\N	\N		\N	\N		\N	\N		\N	\N		\N	\N		\N	\N		\N	\N		\N	\N		\N	\N		\N	\N		\N	\N		\N	\N		\N	\N		\N	\N		\N	2017-01-25 08:04:06.740885	2017-01-25 08:04:06.740885	\N	\N
14	\N	\N		\N	\N		\N	\N		\N	\N		\N	\N		\N	\N		\N	\N		\N	\N		\N	\N		\N	\N		\N	\N		\N	\N		\N	\N		\N	\N		\N	\N		\N	\N		\N	\N		\N	\N		\N	\N		\N	\N		\N	\N		\N	2017-01-25 08:04:15.943318	2017-01-25 08:04:15.943318	\N	\N
15	\N	\N	\N	\N	\N	\N	\N	\N	\N	\N	\N	\N	\N	\N	\N	\N	\N	\N	\N	\N	\N	\N	\N	\N	\N	\N	\N	\N	\N	\N	\N	\N	\N	\N	\N	\N	\N	\N	\N	\N	\N	\N	\N	\N	\N	\N	\N	\N	\N	\N	\N	\N	\N	\N	\N	\N	\N	\N	\N	\N	\N	\N	\N	\N	2017-01-25 08:04:48.818596	2017-01-25 08:04:48.818596	\N	\N
16	\N	\N	\N	\N	\N	\N	\N	\N	\N	\N	\N	\N	\N	\N	\N	\N	\N	\N	\N	\N	\N	\N	\N	\N	\N	\N	\N	\N	\N	\N	\N	\N	\N	\N	\N	\N	\N	\N	\N	\N	\N	\N	\N	\N	\N	\N	\N	\N	\N	\N	\N	\N	\N	\N	\N	\N	\N	\N	\N	\N	\N	\N	\N	\N	2017-01-25 08:04:58.831078	2017-01-25 08:04:58.831078	\N	\N
17	\N	\N	\N	\N	\N	\N	\N	\N	\N	\N	\N	\N	\N	\N	\N	\N	\N	\N	\N	\N	\N	\N	\N	\N	\N	\N	\N	\N	\N	\N	\N	\N	\N	\N	\N	\N	\N	\N	\N	\N	\N	\N	\N	\N	\N	\N	\N	\N	\N	\N	\N	\N	\N	\N	\N	\N	\N	\N	\N	\N	\N	\N	\N	\N	2017-01-25 08:08:25.624783	2017-01-25 08:08:25.624783	\N	\N
18	\N	\N	\N	\N	\N	\N	\N	\N	\N	\N	\N	\N	\N	\N	\N	\N	\N	\N	\N	\N	\N	\N	\N	\N	\N	\N	\N	\N	\N	\N	\N	\N	\N	\N	\N	\N	\N	\N	\N	\N	\N	\N	\N	\N	\N	\N	\N	\N	\N	\N	\N	\N	\N	\N	\N	\N	\N	\N	\N	\N	\N	\N	\N	\N	2017-01-25 13:09:57.035324	2017-01-25 13:09:57.035324	\N	\N
19	\N	\N	\N	\N	\N	\N	\N	\N	\N	\N	\N	\N	\N	\N	\N	\N	\N	\N	\N	\N	\N	\N	\N	\N	\N	\N	\N	\N	\N	\N	\N	\N	\N	\N	\N	\N	\N	\N	\N	\N	\N	\N	\N	\N	\N	\N	\N	\N	\N	\N	\N	\N	\N	\N	\N	\N	\N	\N	\N	\N	\N	\N	\N	\N	2017-01-25 13:41:50.231904	2017-01-25 13:41:50.231904	\N	\N
20	\N	\N	\N	\N	\N	\N	\N	\N	\N	\N	\N	\N	\N	\N	\N	\N	\N	\N	\N	\N	\N	\N	\N	\N	\N	\N	\N	\N	\N	\N	\N	\N	\N	\N	\N	\N	\N	\N	\N	\N	\N	\N	\N	\N	\N	\N	\N	\N	\N	\N	\N	\N	\N	\N	\N	\N	\N	\N	\N	\N	\N	\N	\N	\N	2017-01-25 13:46:47.385772	2017-01-25 13:46:47.385772	\N	\N
21	\N	\N	\N	\N	\N	\N	\N	\N	\N	\N	\N	\N	\N	\N	\N	\N	\N	\N	\N	\N	\N	\N	\N	\N	\N	\N	\N	\N	\N	\N	\N	\N	\N	\N	\N	\N	\N	\N	\N	\N	\N	\N	\N	\N	\N	\N	\N	\N	\N	\N	\N	\N	\N	\N	\N	\N	\N	\N	\N	\N	\N	\N	\N	\N	2017-01-26 13:53:20.147917	2017-01-26 13:53:20.147917	\N	\N
22	\N	\N	\N	\N	\N	\N	\N	\N	\N	\N	\N	\N	\N	\N	\N	\N	\N	\N	\N	\N	\N	\N	\N	\N	\N	\N	\N	\N	\N	\N	\N	\N	\N	\N	\N	\N	\N	\N	\N	\N	\N	\N	\N	\N	\N	\N	\N	\N	\N	\N	\N	\N	\N	\N	\N	\N	\N	\N	\N	\N	\N	\N	\N	\N	2017-01-27 05:47:13.708943	2017-01-27 05:47:13.708943	\N	\N
23	\N	\N	\N	\N	\N	\N	\N	\N	\N	\N	\N	\N	\N	\N	\N	\N	\N	\N	\N	\N	\N	\N	\N	\N	\N	\N	\N	\N	\N	\N	\N	\N	\N	\N	\N	\N	\N	\N	\N	\N	\N	\N	\N	\N	\N	\N	\N	\N	\N	\N	\N	\N	\N	\N	\N	\N	\N	\N	\N	\N	\N	\N	\N	\N	2017-01-27 05:57:13.757118	2017-01-27 05:57:13.757118	\N	\N
24	\N	\N	\N	\N	\N	\N	\N	\N	\N	\N	\N	\N	\N	\N	\N	\N	\N	\N	\N	\N	\N	\N	\N	\N	\N	\N	\N	\N	\N	\N	\N	\N	\N	\N	\N	\N	\N	\N	\N	\N	\N	\N	\N	\N	\N	\N	\N	\N	\N	\N	\N	\N	\N	\N	\N	\N	\N	\N	\N	\N	\N	\N	\N	\N	2017-01-27 14:04:36.279259	2017-01-27 14:04:36.279259	\N	\N
25	\N	\N	\N	\N	\N	\N	\N	\N	\N	\N	\N	\N	\N	\N	\N	\N	\N	\N	\N	\N	\N	\N	\N	\N	\N	\N	\N	\N	\N	\N	\N	\N	\N	\N	\N	\N	\N	\N	\N	\N	\N	\N	\N	\N	\N	\N	\N	\N	\N	\N	\N	\N	\N	\N	\N	\N	\N	\N	\N	\N	\N	\N	\N	\N	2017-01-27 14:05:55.690741	2017-01-27 14:05:55.690741	\N	\N
26	\N	\N	\N	\N	\N	\N	\N	\N	\N	\N	\N	\N	\N	\N	\N	\N	\N	\N	\N	\N	\N	\N	\N	\N	\N	\N	\N	\N	\N	\N	\N	\N	\N	\N	\N	\N	\N	\N	\N	\N	\N	\N	\N	\N	\N	\N	\N	\N	\N	\N	\N	\N	\N	\N	\N	\N	\N	\N	\N	\N	\N	\N	\N	\N	2017-01-27 15:12:12.577613	2017-01-27 15:12:12.577613	\N	\N
27	\N	\N	\N	\N	\N	\N	\N	\N	\N	\N	\N	\N	\N	\N	\N	\N	\N	\N	\N	\N	\N	\N	\N	\N	\N	\N	\N	\N	\N	\N	\N	\N	\N	\N	\N	\N	\N	\N	\N	\N	\N	\N	\N	\N	\N	\N	\N	\N	\N	\N	\N	\N	\N	\N	\N	\N	\N	\N	\N	\N	\N	\N	\N	\N	2017-01-27 17:23:21.314658	2017-01-27 17:23:21.314658	\N	\N
28	\N	\N	\N	\N	\N	\N	\N	\N	\N	\N	\N	\N	\N	\N	\N	\N	\N	\N	\N	\N	\N	\N	\N	\N	\N	\N	\N	\N	\N	\N	\N	\N	\N	\N	\N	\N	\N	\N	\N	\N	\N	\N	\N	\N	\N	\N	\N	\N	\N	\N	\N	\N	\N	\N	\N	\N	\N	\N	\N	\N	\N	\N	\N	\N	2017-01-27 18:17:18.601716	2017-01-27 18:17:18.601716	\N	\N
29	\N	\N	\N	\N	\N	\N	\N	\N	\N	\N	\N	\N	\N	\N	\N	\N	\N	\N	\N	\N	\N	\N	\N	\N	\N	\N	\N	\N	\N	\N	\N	\N	\N	\N	\N	\N	\N	\N	\N	\N	\N	\N	\N	\N	\N	\N	\N	\N	\N	\N	\N	\N	\N	\N	\N	\N	\N	\N	\N	\N	\N	\N	\N	\N	2017-01-28 11:23:10.190497	2017-01-28 11:23:10.190497	\N	\N
30	\N	\N	\N	\N	\N	\N	\N	\N	\N	\N	\N	\N	\N	\N	\N	\N	\N	\N	\N	\N	\N	\N	\N	\N	\N	\N	\N	\N	\N	\N	\N	\N	\N	\N	\N	\N	\N	\N	\N	\N	\N	\N	\N	\N	\N	\N	\N	\N	\N	\N	\N	\N	\N	\N	\N	\N	\N	\N	\N	\N	\N	\N	\N	\N	2017-01-29 08:02:45.529319	2017-01-29 08:02:45.529319	\N	\N
31	\N	\N	\N	\N	\N	\N	\N	\N	\N	\N	\N	\N	\N	\N	\N	\N	\N	\N	\N	\N	\N	\N	\N	\N	\N	\N	\N	\N	\N	\N	\N	\N	\N	\N	\N	\N	\N	\N	\N	\N	\N	\N	\N	\N	\N	\N	\N	\N	\N	\N	\N	\N	\N	\N	\N	\N	\N	\N	\N	\N	\N	\N	\N	\N	2017-01-30 08:12:39.494389	2017-01-30 08:12:39.494389	\N	\N
32	\N	\N	\N	\N	\N	\N	\N	\N	\N	\N	\N	\N	\N	\N	\N	\N	\N	\N	\N	\N	\N	\N	\N	\N	\N	\N	\N	\N	\N	\N	\N	\N	\N	\N	\N	\N	\N	\N	\N	\N	\N	\N	\N	\N	\N	\N	\N	\N	\N	\N	\N	\N	\N	\N	\N	\N	\N	\N	\N	\N	\N	\N	\N	\N	2017-01-30 08:14:51.044621	2017-01-30 08:14:51.044621	\N	\N
33	\N	\N	\N	\N	\N	\N	\N	\N	\N	\N	\N	\N	\N	\N	\N	\N	\N	\N	\N	\N	\N	\N	\N	\N	\N	\N	\N	\N	\N	\N	\N	\N	\N	\N	\N	\N	\N	\N	\N	\N	\N	\N	\N	\N	\N	\N	\N	\N	\N	\N	\N	\N	\N	\N	\N	\N	\N	\N	\N	\N	\N	\N	\N	\N	2017-01-30 08:15:10.237017	2017-01-30 08:15:10.237017	\N	\N
34	\N	\N	\N	\N	\N	\N	\N	\N	\N	\N	\N	\N	\N	\N	\N	\N	\N	\N	\N	\N	\N	\N	\N	\N	\N	\N	\N	\N	\N	\N	\N	\N	\N	\N	\N	\N	\N	\N	\N	\N	\N	\N	\N	\N	\N	\N	\N	\N	\N	\N	\N	\N	\N	\N	\N	\N	\N	\N	\N	\N	\N	\N	\N	\N	2017-01-30 08:15:28.571394	2017-01-30 08:15:28.571394	\N	\N
35	\N	\N		\N	\N		\N	\N		\N	\N		\N	\N		\N	\N		\N	\N		\N	\N		\N	\N		\N	\N		\N	\N	asd	\N	\N		\N	\N		\N	\N		\N	\N		\N	\N		\N	\N		\N	\N		\N	\N		\N	\N		\N	\N		\N	2017-01-30 08:15:40.196898	2017-01-30 08:15:40.21187	11	\N
36	\N	\N	\N	\N	\N	\N	\N	\N	\N	\N	\N	\N	\N	\N	\N	\N	\N	\N	\N	\N	\N	\N	\N	\N	\N	\N	\N	\N	\N	\N	\N	\N	\N	\N	\N	\N	\N	\N	\N	\N	\N	\N	\N	\N	\N	\N	\N	\N	\N	\N	\N	\N	\N	\N	\N	\N	\N	\N	\N	\N	\N	\N	\N	\N	2017-01-31 10:04:24.985956	2017-01-31 10:04:24.985956	\N	\N
37	\N	\N	\N	\N	\N	\N	\N	\N	\N	\N	\N	\N	\N	\N	\N	\N	\N	\N	\N	\N	\N	\N	\N	\N	\N	\N	\N	\N	\N	\N	\N	\N	\N	\N	\N	\N	\N	\N	\N	\N	\N	\N	\N	\N	\N	\N	\N	\N	\N	\N	\N	\N	\N	\N	\N	\N	\N	\N	\N	\N	\N	\N	\N	\N	2017-01-31 10:11:16.662001	2017-01-31 10:11:16.662001	\N	\N
38	\N	\N	23	\N	\N	12	\N	\N	12	\N	\N	12	\N	\N	12	\N	\N	12	\N	\N	12	\N	\N	12	\N	\N	12	\N	\N	12	\N	\N	12	\N	\N	12	\N	\N	12	\N	\N	12	\N	\N	12	\N	\N	12	\N	\N	12	\N	\N	12	\N	\N	12	\N	\N	12	\N	\N	12	\N	2017-01-31 10:12:42.345871	2017-01-31 10:12:42.356961	16	\N
39	\N	\N	\N	\N	\N	\N	\N	\N	\N	\N	\N	\N	\N	\N	\N	\N	\N	\N	\N	\N	\N	\N	\N	\N	\N	\N	\N	\N	\N	\N	\N	\N	\N	\N	\N	\N	\N	\N	\N	\N	\N	\N	\N	\N	\N	\N	\N	\N	\N	\N	\N	\N	\N	\N	\N	\N	\N	\N	\N	\N	\N	\N	\N	\N	2017-02-01 17:54:00.81653	2017-02-01 17:54:00.81653	\N	\N
40	\N	\N	\N	\N	\N	\N	\N	\N	\N	\N	\N	\N	\N	\N	\N	\N	\N	\N	\N	\N	\N	\N	\N	\N	\N	\N	\N	\N	\N	\N	\N	\N	\N	\N	\N	\N	\N	\N	\N	\N	\N	\N	\N	\N	\N	\N	\N	\N	\N	\N	\N	\N	\N	\N	\N	\N	\N	\N	\N	\N	\N	\N	\N	\N	2017-02-02 07:03:45.531921	2017-02-02 07:03:45.531921	\N	\N
41	\N	\N	\N	\N	\N	\N	\N	\N	\N	\N	\N	\N	\N	\N	\N	\N	\N	\N	\N	\N	\N	\N	\N	\N	\N	\N	\N	\N	\N	\N	\N	\N	\N	\N	\N	\N	\N	\N	\N	\N	\N	\N	\N	\N	\N	\N	\N	\N	\N	\N	\N	\N	\N	\N	\N	\N	\N	\N	\N	\N	\N	\N	\N	\N	2017-02-02 07:04:05.135824	2017-02-02 07:04:05.135824	\N	\N
42	\N	\N	\N	\N	\N	\N	\N	\N	\N	\N	\N	\N	\N	\N	\N	\N	\N	\N	\N	\N	\N	\N	\N	\N	\N	\N	\N	\N	\N	\N	\N	\N	\N	\N	\N	\N	\N	\N	\N	\N	\N	\N	\N	\N	\N	\N	\N	\N	\N	\N	\N	\N	\N	\N	\N	\N	\N	\N	\N	\N	\N	\N	\N	\N	2017-02-02 09:25:28.772473	2017-02-02 09:25:28.772473	\N	\N
43	\N	\N		\N	\N		\N	\N		\N	\N		\N	\N		\N	\N		\N	\N		\N	\N		\N	\N		\N	\N		\N	\N		\N	\N		\N	\N		\N	\N		\N	\N		\N	\N		\N	\N		\N	\N		\N	\N		\N	\N		\N	\N		\N	2017-02-02 09:25:35.037861	2017-02-02 09:25:35.05252	21	\N
44	\N	\N	\N	\N	\N	\N	\N	\N	\N	\N	\N	\N	\N	\N	\N	\N	\N	\N	\N	\N	\N	\N	\N	\N	\N	\N	\N	\N	\N	\N	\N	\N	\N	\N	\N	\N	\N	\N	\N	\N	\N	\N	\N	\N	\N	\N	\N	\N	\N	\N	\N	\N	\N	\N	\N	\N	\N	\N	\N	\N	\N	\N	\N	\N	2017-02-03 09:03:07.425867	2017-02-03 09:03:07.425867	\N	\N
45	\N	\N	15	\N	\N	60	\N	\N	17	\N	\N	43	\N	\N	12	\N	\N	32	\N	\N	34	\N	\N	32.5	\N	\N	29	\N	\N	31	\N	\N	36	\N	\N	12	\N	\N	25	\N	\N	8.5	\N	\N	12	\N	\N	9	\N	\N	7	\N	\N	14.5	\N	\N	12	\N	\N	13	\N	\N	11.5	\N	2017-02-03 09:07:43.683367	2017-02-03 09:07:43.693418	29	\N
46	\N	\N	\N	\N	\N	\N	\N	\N	\N	\N	\N	\N	\N	\N	\N	\N	\N	\N	\N	\N	\N	\N	\N	\N	\N	\N	\N	\N	\N	\N	\N	\N	\N	\N	\N	\N	\N	\N	\N	\N	\N	\N	\N	\N	\N	\N	\N	\N	\N	\N	\N	\N	\N	\N	\N	\N	\N	\N	\N	\N	\N	\N	\N	\N	2017-02-03 11:26:24.549837	2017-02-03 11:26:24.549837	\N	\N
47	\N	\N		\N	\N		\N	\N		\N	\N		\N	\N		\N	\N		\N	\N		\N	\N		\N	\N		\N	\N		\N	\N		\N	\N		\N	\N		\N	\N		\N	\N		\N	\N		\N	\N		\N	\N		\N	\N		\N	\N		\N	\N		\N	2017-02-03 11:26:36.886365	2017-02-03 11:26:36.895269	21	\N
48	\N	\N	\N	\N	\N	\N	\N	\N	\N	\N	\N	\N	\N	\N	\N	\N	\N	\N	\N	\N	\N	\N	\N	\N	\N	\N	\N	\N	\N	\N	\N	\N	\N	\N	\N	\N	\N	\N	\N	\N	\N	\N	\N	\N	\N	\N	\N	\N	\N	\N	\N	\N	\N	\N	\N	\N	\N	\N	\N	\N	\N	\N	\N	\N	2017-02-03 11:27:03.13962	2017-02-03 11:27:03.13962	\N	\N
49	\N	\N	\N	\N	\N	\N	\N	\N	\N	\N	\N	\N	\N	\N	\N	\N	\N	\N	\N	\N	\N	\N	\N	\N	\N	\N	\N	\N	\N	\N	\N	\N	\N	\N	\N	\N	\N	\N	\N	\N	\N	\N	\N	\N	\N	\N	\N	\N	\N	\N	\N	\N	\N	\N	\N	\N	\N	\N	\N	\N	\N	\N	\N	\N	2017-02-03 11:28:18.922174	2017-02-03 11:28:18.922174	\N	\N
50	\N	\N		\N	\N		\N	\N		\N	\N		\N	\N		\N	\N		\N	\N		\N	\N		\N	\N		\N	\N		\N	\N		\N	\N		\N	\N		\N	\N		\N	\N		\N	\N		\N	\N		\N	\N		\N	\N		\N	\N		\N	\N		\N	2017-02-03 11:29:01.809883	2017-02-03 11:29:01.825119	29	\N
51	\N	\N	\N	\N	\N	\N	\N	\N	\N	\N	\N	\N	\N	\N	\N	\N	\N	\N	\N	\N	\N	\N	\N	\N	\N	\N	\N	\N	\N	\N	\N	\N	\N	\N	\N	\N	\N	\N	\N	\N	\N	\N	\N	\N	\N	\N	\N	\N	\N	\N	\N	\N	\N	\N	\N	\N	\N	\N	\N	\N	\N	\N	\N	\N	2017-02-03 11:39:32.754107	2017-02-03 11:39:32.754107	\N	\N
53	\N	\N	\N	\N	\N	\N	\N	\N	\N	\N	\N	\N	\N	\N	\N	\N	\N	\N	\N	\N	\N	\N	\N	\N	\N	\N	\N	\N	\N	\N	\N	\N	\N	\N	\N	\N	\N	\N	\N	\N	\N	\N	\N	\N	\N	\N	\N	\N	\N	\N	\N	\N	\N	\N	\N	\N	\N	\N	\N	\N	\N	\N	\N	\N	2017-02-03 11:52:22.209938	2017-02-03 11:52:22.209938	\N	\N
54	\N	\N	\N	\N	\N	\N	\N	\N	\N	\N	\N	\N	\N	\N	\N	\N	\N	\N	\N	\N	\N	\N	\N	\N	\N	\N	\N	\N	\N	\N	\N	\N	\N	\N	\N	\N	\N	\N	\N	\N	\N	\N	\N	\N	\N	\N	\N	\N	\N	\N	\N	\N	\N	\N	\N	\N	\N	\N	\N	\N	\N	\N	\N	\N	2017-02-03 11:58:54.2412	2017-02-03 11:58:54.2412	\N	\N
55	\N	\N	\N	\N	\N	\N	\N	\N	\N	\N	\N	\N	\N	\N	\N	\N	\N	\N	\N	\N	\N	\N	\N	\N	\N	\N	\N	\N	\N	\N	\N	\N	\N	\N	\N	\N	\N	\N	\N	\N	\N	\N	\N	\N	\N	\N	\N	\N	\N	\N	\N	\N	\N	\N	\N	\N	\N	\N	\N	\N	\N	\N	\N	\N	2017-02-03 12:03:43.649891	2017-02-03 12:03:43.649891	\N	\N
56	\N	\N	\N	\N	\N	\N	\N	\N	\N	\N	\N	\N	\N	\N	\N	\N	\N	\N	\N	\N	\N	\N	\N	\N	\N	\N	\N	\N	\N	\N	\N	\N	\N	\N	\N	\N	\N	\N	\N	\N	\N	\N	\N	\N	\N	\N	\N	\N	\N	\N	\N	\N	\N	\N	\N	\N	\N	\N	\N	\N	\N	\N	\N	\N	2017-02-03 12:09:18.947332	2017-02-03 12:09:18.947332	\N	\N
52	\N	\N	22	\N	\N	33	\N	\N	33	\N	\N	33	\N	\N	33	\N	\N	33	\N	\N	333	\N	\N	33	\N	\N	33	\N	\N	33	\N	\N	33	\N	\N	33	\N	\N	33	\N	\N	33	\N	\N	33	\N	\N	33	\N	\N	33	\N	\N	33	\N	\N	33	\N	\N	33	\N	\N	33	\N	2017-02-03 11:39:46.322646	2017-02-03 12:32:44.301558	21	\N
57	\N	\N	\N	\N	\N	\N	\N	\N	\N	\N	\N	\N	\N	\N	\N	\N	\N	\N	\N	\N	\N	\N	\N	\N	\N	\N	\N	\N	\N	\N	\N	\N	\N	\N	\N	\N	\N	\N	\N	\N	\N	\N	\N	\N	\N	\N	\N	\N	\N	\N	\N	\N	\N	\N	\N	\N	\N	\N	\N	\N	\N	\N	\N	\N	2017-02-03 12:37:12.621134	2017-02-03 12:37:12.621134	\N	\N
58	\N	\N		\N	\N		\N	\N		\N	\N		\N	\N		\N	\N		\N	\N		\N	\N		\N	\N		\N	\N		\N	\N		\N	\N		\N	\N		\N	\N		\N	\N		\N	\N		\N	\N		\N	\N		\N	\N		\N	\N		\N	\N		\N	2017-02-03 12:37:52.141409	2017-02-03 12:37:52.150629	29	\N
59	\N	\N	\N	\N	\N	\N	\N	\N	\N	\N	\N	\N	\N	\N	\N	\N	\N	\N	\N	\N	\N	\N	\N	\N	\N	\N	\N	\N	\N	\N	\N	\N	\N	\N	\N	\N	\N	\N	\N	\N	\N	\N	\N	\N	\N	\N	\N	\N	\N	\N	\N	\N	\N	\N	\N	\N	\N	\N	\N	\N	\N	\N	\N	\N	2017-02-03 12:57:33.23414	2017-02-03 12:57:33.23414	\N	\N
60	\N	\N		\N	\N		\N	\N		\N	\N		\N	\N		\N	\N		\N	\N		\N	\N		\N	\N		\N	\N		\N	\N		\N	\N		\N	\N		\N	\N		\N	\N		\N	\N		\N	\N		\N	\N		\N	\N		\N	\N		\N	\N		\N	2017-02-03 12:58:57.702378	2017-02-03 12:58:57.711879	29	\N
61	\N	\N	\N	\N	\N	\N	\N	\N	\N	\N	\N	\N	\N	\N	\N	\N	\N	\N	\N	\N	\N	\N	\N	\N	\N	\N	\N	\N	\N	\N	\N	\N	\N	\N	\N	\N	\N	\N	\N	\N	\N	\N	\N	\N	\N	\N	\N	\N	\N	\N	\N	\N	\N	\N	\N	\N	\N	\N	\N	\N	\N	\N	\N	\N	2017-02-03 13:13:37.600164	2017-02-03 13:13:37.600164	\N	\N
62	\N	\N		\N	\N		\N	\N		\N	\N		\N	\N		\N	\N		\N	\N		\N	\N		\N	\N		\N	\N		\N	\N		\N	\N		\N	\N		\N	\N		\N	\N		\N	\N		\N	\N		\N	\N		\N	\N		\N	\N		\N	\N		\N	2017-02-03 13:14:08.881092	2017-02-03 13:14:08.89097	26	\N
63	\N	\N	\N	\N	\N	\N	\N	\N	\N	\N	\N	\N	\N	\N	\N	\N	\N	\N	\N	\N	\N	\N	\N	\N	\N	\N	\N	\N	\N	\N	\N	\N	\N	\N	\N	\N	\N	\N	\N	\N	\N	\N	\N	\N	\N	\N	\N	\N	\N	\N	\N	\N	\N	\N	\N	\N	\N	\N	\N	\N	\N	\N	\N	\N	2017-02-04 07:49:35.290831	2017-02-04 07:49:35.290831	\N	\N
64	\N	\N	\N	\N	\N	\N	\N	\N	\N	\N	\N	\N	\N	\N	\N	\N	\N	\N	\N	\N	\N	\N	\N	\N	\N	\N	\N	\N	\N	\N	\N	\N	\N	\N	\N	\N	\N	\N	\N	\N	\N	\N	\N	\N	\N	\N	\N	\N	\N	\N	\N	\N	\N	\N	\N	\N	\N	\N	\N	\N	\N	\N	\N	\N	2017-02-04 09:02:30.744952	2017-02-04 09:02:30.744952	\N	\N
65	\N	\N	\N	\N	\N	\N	\N	\N	\N	\N	\N	\N	\N	\N	\N	\N	\N	\N	\N	\N	\N	\N	\N	\N	\N	\N	\N	\N	\N	\N	\N	\N	\N	\N	\N	\N	\N	\N	\N	\N	\N	\N	\N	\N	\N	\N	\N	\N	\N	\N	\N	\N	\N	\N	\N	\N	\N	\N	\N	\N	\N	\N	\N	\N	2017-02-05 13:46:29.615231	2017-02-05 13:46:29.615231	\N	\N
67	\N	\N	4	\N	\N	2	\N	\N	\N	\N	\N	3	\N	\N	\N	\N	\N	5	\N	\N	6	\N	\N	7	\N	\N	8	\N	\N	\N	\N	\N	9	\N	\N	\N	\N	\N	\N	\N	\N	11	\N	\N	12	\N	\N	\N	\N	\N	\N	\N	\N	10	\N	\N	\N	\N	\N	\N	\N	\N	\N	48	2017-02-06 06:38:37.551819	2017-02-06 06:38:37.576085	30	13
68	\N	\N	\N	\N	\N	\N	\N	\N	\N	\N	\N	\N	\N	\N	\N	\N	\N	\N	\N	\N	\N	\N	\N	\N	\N	\N	\N	\N	\N	\N	\N	\N	\N	\N	\N	\N	\N	\N	\N	\N	\N	\N	\N	\N	\N	\N	\N	\N	\N	\N	\N	\N	\N	\N	\N	\N	\N	\N	\N	\N	\N	\N	\N	\N	2017-02-06 07:02:08.235992	2017-02-06 07:02:08.235992	\N	\N
70	\N	\N	\N	\N	\N	\N	\N	\N	\N	\N	\N	\N	\N	\N	\N	\N	\N	\N	\N	\N	\N	\N	\N	\N	\N	\N	\N	\N	\N	\N	\N	\N	\N	\N	\N	\N	\N	\N	\N	\N	\N	\N	\N	\N	\N	\N	\N	\N	\N	\N	\N	\N	\N	\N	\N	\N	\N	\N	\N	\N	\N	\N	\N	\N	2017-02-06 07:56:20.607677	2017-02-06 07:56:20.607677	\N	\N
71	\N	\N	\N	\N	\N	\N	\N	\N	\N	\N	\N	\N	\N	\N	\N	\N	\N	\N	\N	\N	\N	\N	\N	\N	\N	\N	\N	\N	\N	\N	\N	\N	\N	\N	\N	\N	\N	\N	\N	\N	\N	\N	\N	\N	\N	\N	\N	\N	\N	\N	\N	\N	\N	\N	\N	\N	\N	\N	\N	\N	\N	\N	\N	\N	2017-02-06 07:59:53.932793	2017-02-06 07:59:53.932793	\N	\N
69	\N	\N	4	\N	\N	3	\N	\N	\N	\N	\N	4	\N	\N	\N	\N	\N	3	\N	\N	8	\N	\N	4	\N	\N	5	\N	\N	\N	\N	\N	8	\N	\N	\N	\N	\N	\N	\N	\N	8	\N	\N	5	\N	\N	\N	\N	\N	\N	\N	\N	7	\N	\N	\N	\N	\N	\N	\N	\N	\N	40	2017-02-06 07:02:44.196886	2017-02-06 08:00:35.007265	31	1
72	\N	\N	\N	\N	\N	\N	\N	\N	\N	\N	\N	\N	\N	\N	\N	\N	\N	\N	\N	\N	\N	\N	\N	\N	\N	\N	\N	\N	\N	\N	\N	\N	\N	\N	\N	\N	\N	\N	\N	\N	\N	\N	\N	\N	\N	\N	\N	\N	\N	\N	\N	\N	\N	\N	\N	\N	\N	\N	\N	\N	\N	\N	\N	\N	2017-02-06 08:42:20.950706	2017-02-06 08:42:20.950706	\N	\N
73	\N	\N	-2	\N	\N	-6	\N	\N	\N	\N	\N	-4	\N	\N	\N	\N	\N	-2	\N	\N	-2	\N	\N	-2	\N	\N	-2	\N	\N	\N	\N	\N	-2	\N	\N	\N	\N	\N	\N	\N	\N	-2	\N	\N	-2	\N	\N	\N	\N	\N	\N	\N	\N	-2	\N	\N	\N	\N	\N	\N	\N	\N	\N	13	2017-02-06 08:43:01.919181	2017-02-06 08:43:01.931933	21	-2
74	\N	\N	\N	\N	\N	\N	\N	\N	\N	\N	\N	\N	\N	\N	\N	\N	\N	\N	\N	\N	\N	\N	\N	\N	\N	\N	\N	\N	\N	\N	\N	\N	\N	\N	\N	\N	\N	\N	\N	\N	\N	\N	\N	\N	\N	\N	\N	\N	\N	\N	\N	\N	\N	\N	\N	\N	\N	\N	\N	\N	\N	\N	\N	\N	2017-02-06 11:05:49.455384	2017-02-06 11:05:49.455384	\N	\N
75	\N	\N	\N	\N	\N	\N	\N	\N	\N	\N	\N	\N	\N	\N	\N	\N	\N	\N	\N	\N	\N	\N	\N	\N	\N	\N	\N	\N	\N	\N	\N	\N	\N	\N	\N	\N	\N	\N	\N	\N	\N	\N	\N	\N	\N	\N	\N	\N	\N	\N	\N	\N	\N	\N	\N	\N	\N	\N	\N	\N	\N	\N	\N	\N	2017-02-06 13:56:42.51431	2017-02-06 13:56:42.51431	\N	\N
76	\N	\N	13	\N	\N	60	\N	\N	\N	\N	\N	42	\N	\N	\N	\N	\N	33	\N	\N	36	\N	\N	32	\N	\N	29	\N	\N	\N	\N	\N	37	\N	\N	\N	\N	\N	\N	\N	\N	8.25	\N	\N	11	\N	\N	\N	\N	\N	\N	\N	\N	12.4	\N	\N	\N	\N	\N	\N	\N	\N	\N	36	2017-02-06 13:59:44.472949	2017-02-06 13:59:44.493026	33	12
77	\N	\N	-2	\N	\N	1	\N	\N	\N	\N	\N	-10.25	\N	\N	\N	\N	\N	-2	\N	\N	-2	\N	\N	-2	\N	\N	-2	\N	\N	\N	\N	\N	-2	\N	\N	\N	\N	\N	\N	\N	\N	-2	\N	\N	-2	\N	\N	\N	\N	\N	\N	\N	\N	-2	\N	\N	\N	\N	\N	\N	\N	\N	\N	13	2017-02-06 14:00:57.968284	2017-02-06 14:00:57.978594	34	-2
78	\N	\N	13	\N	\N	60	\N	\N	\N	\N	\N	42	\N	\N	\N	\N	\N	33	\N	\N	36	\N	\N	32	\N	\N	29	\N	\N	\N	\N	\N	37	\N	\N	\N	\N	\N	\N	\N	\N	8.25	\N	\N	11	\N	\N	\N	\N	\N	\N	\N	\N	12.4	\N	\N	\N	\N	\N	\N	\N	\N	\N	36	2017-02-06 14:11:17.785463	2017-02-06 14:11:17.796395	35	12
79	\N	\N	-2	\N	\N	-6	\N	\N	\N	\N	\N	-4	\N	\N	\N	\N	\N	-2	\N	\N	-2	\N	\N	-2	\N	\N	-2	\N	\N	\N	\N	\N	-2	\N	\N	\N	\N	\N	\N	\N	\N	-2	\N	\N	-2	\N	\N	\N	\N	\N	\N	\N	\N	-2	\N	\N	\N	\N	\N	\N	\N	\N	\N	13	2017-02-06 14:12:27.851903	2017-02-06 14:12:27.867354	34	-2
81	\N	\N	13	\N	\N	60	\N	\N	\N	\N	\N	42	\N	\N	\N	\N	\N	33	\N	\N	36	\N	\N	32	\N	\N	29	\N	\N	\N	\N	\N	37	\N	\N	\N	\N	\N	\N	\N	\N	8.25	\N	\N	11	\N	\N	\N	\N	\N	\N	\N	\N	12.4	\N	\N	\N	\N	\N	\N	\N	\N	\N	36	2017-02-06 14:55:35.739777	2017-02-06 14:55:35.751864	36	12
82	\N	\N	\N	\N	\N	\N	\N	\N	\N	\N	\N	\N	\N	\N	\N	\N	\N	\N	\N	\N	\N	\N	\N	\N	\N	\N	\N	\N	\N	\N	\N	\N	\N	\N	\N	\N	\N	\N	\N	\N	\N	\N	\N	\N	\N	\N	\N	\N	\N	\N	\N	\N	\N	\N	\N	\N	\N	\N	\N	\N	\N	\N	\N	12	2017-02-08 09:47:04.021358	2017-02-08 09:47:04.021358	\N	\N
83	\N	\N	98	\N	\N	12	\N	\N	\N	\N	\N	98	\N	\N	\N	\N	\N	9	\N	\N	8	\N	\N	98	\N	\N	98	\N	\N	\N	\N	\N	9	\N	\N	\N	\N	\N	\N	\N	\N	98	\N	\N	9898	\N	\N	\N	\N	\N	\N	\N	\N	8	\N	\N	\N	\N	\N	\N	\N	\N	\N	12	2017-02-08 09:49:26.492752	2017-02-08 09:49:26.501573	40	98
84	\N	\N	\N	\N	\N	\N	\N	\N	\N	\N	\N	\N	\N	\N	\N	\N	\N	\N	\N	\N	\N	\N	\N	\N	\N	\N	\N	\N	\N	\N	\N	\N	\N	\N	\N	\N	\N	\N	\N	\N	\N	\N	\N	\N	\N	\N	\N	\N	\N	\N	\N	\N	\N	\N	\N	\N	\N	\N	\N	\N	\N	\N	\N	49	2017-02-08 12:41:00.245581	2017-02-08 12:41:00.245581	\N	\N
66	\N	\N	4	\N	\N	2	\N	\N	\N	\N	\N	3	\N	\N	\N	\N	\N	5	\N	\N	6	\N	\N	7	\N	\N	8	\N	\N	\N	\N	\N	9	\N	\N	\N	\N	\N	\N	\N	\N	11	\N	\N	12	\N	\N	\N	\N	\N	\N	\N	\N	10	\N	\N	\N	\N	\N	\N	\N	\N	\N	48	2017-02-05 13:48:29.978263	2017-02-08 15:15:09.760981	42	13
80	\N	\N	13	\N	\N	60	\N	\N	\N	\N	\N	42	\N	\N	\N	\N	\N	33	\N	\N	36	\N	\N	32	\N	\N	29	\N	\N	\N	\N	\N	37	\N	\N	\N	\N	\N	\N	\N	\N	8.25	\N	\N	11	\N	\N	\N	\N	\N	\N	\N	\N	12.4	\N	\N	\N	\N	\N	\N	\N	\N	\N	36	2017-02-06 14:12:43.570879	2017-02-08 16:41:13.329154	45	12
85	\N	\N	\N	\N	\N	\N	\N	\N	\N	\N	\N	\N	\N	\N	\N	\N	\N	\N	\N	\N	\N	\N	\N	\N	\N	\N	\N	\N	\N	\N	\N	\N	\N	\N	\N	\N	\N	\N	\N	\N	\N	\N	\N	\N	\N	\N	\N	\N	\N	\N	\N	\N	\N	\N	\N	\N	\N	\N	\N	\N	\N	\N	\N	54	2017-02-21 11:59:47.696391	2017-02-21 11:59:47.696391	\N	\N
86	\N	\N	\N	\N	\N	\N	\N	\N	\N	\N	\N	\N	\N	\N	\N	\N	\N	\N	\N	\N	\N	\N	\N	\N	\N	\N	\N	\N	\N	\N	\N	\N	\N	\N	\N	\N	\N	\N	\N	\N	\N	\N	\N	\N	\N	\N	\N	\N	\N	\N	\N	\N	\N	\N	\N	\N	\N	\N	\N	\N	\N	\N	\N	57	2017-02-21 14:43:33.298211	2017-02-21 14:43:33.298211	\N	\N
\.


--
-- Name: custom_mesurments_id_seq; Type: SEQUENCE SET; Schema: public; Owner: postgres
--

SELECT pg_catalog.setval('custom_mesurments_id_seq', 86, true);


--
-- Data for Name: custome_options; Type: TABLE DATA; Schema: public; Owner: postgres
--

COPY custome_options (id, name, created_at, updated_at) FROM stdin;
2	Sleeve Length	2017-01-28 12:21:58.499541	2017-01-31 12:24:05.741654
1	Dress Length	2017-01-20 12:23:31.369854	2017-01-31 12:24:23.865383
3	Skirt Length	2017-02-01 13:44:51.25467	2017-02-01 13:44:51.25467
\.


--
-- Name: custome_options_id_seq; Type: SEQUENCE SET; Schema: public; Owner: postgres
--

SELECT pg_catalog.setval('custome_options_id_seq', 3, true);


--
-- Data for Name: custome_options_products; Type: TABLE DATA; Schema: public; Owner: postgres
--

COPY custome_options_products (id, product_id, custome_option_id) FROM stdin;
640	77	3
641	78	3
642	76	3
643	79	3
644	75	3
645	74	3
646	88	3
647	86	3
648	89	3
649	80	3
650	83	3
651	84	3
652	85	3
653	87	3
654	81	3
655	93	3
656	91	3
657	94	3
658	82	3
659	92	3
660	90	3
480	6	2
481	6	1
482	7	2
483	7	1
484	10	2
485	10	1
486	8	2
487	8	1
488	9	2
489	9	1
490	16	2
491	16	1
492	18	2
493	18	1
494	12	2
495	12	1
496	14	2
497	14	1
498	15	2
499	15	1
500	17	2
501	17	1
502	19	2
503	19	1
504	26	2
505	26	1
506	29	2
507	29	1
508	30	2
509	30	1
510	25	2
511	25	1
512	27	2
513	27	1
514	28	2
515	28	1
516	23	2
517	23	1
518	24	2
519	24	1
520	32	2
521	32	1
522	39	2
523	39	1
524	36	2
525	36	1
526	51	2
527	51	1
528	37	2
529	37	1
530	38	2
531	38	1
532	40	2
533	40	1
534	34	2
535	34	1
536	35	2
537	35	1
538	47	2
539	47	1
540	46	2
541	46	1
542	50	2
543	50	1
544	42	2
545	42	1
546	48	2
547	48	1
548	45	2
549	45	1
550	49	2
551	49	1
552	43	2
553	43	1
554	56	2
555	56	1
556	59	2
557	59	1
558	57	2
559	57	1
560	53	2
561	53	1
562	54	2
563	54	1
564	64	2
565	64	1
566	65	2
567	65	1
568	66	2
569	66	1
570	67	2
571	67	1
572	69	2
573	69	1
574	61	2
575	61	1
576	62	2
577	62	1
578	63	2
579	63	1
585	70	2
586	70	1
587	73	2
588	73	1
598	11	2
599	11	1
600	21	2
601	21	1
603	31	2
604	31	1
606	33	2
607	33	1
610	20	2
611	20	1
612	22	2
613	22	1
614	71	2
615	71	1
616	5	2
617	5	1
619	58	2
620	58	1
621	52	2
622	52	1
623	60	2
624	60	1
625	68	2
626	68	1
628	13	2
629	13	1
630	55	2
631	55	1
633	72	2
634	72	1
635	41	2
636	41	1
637	44	2
638	44	1
\.


--
-- Name: custome_options_products_id_seq; Type: SEQUENCE SET; Schema: public; Owner: postgres
--

SELECT pg_catalog.setval('custome_options_products_id_seq', 660, true);


--
-- Data for Name: custome_options_variants; Type: TABLE DATA; Schema: public; Owner: postgres
--

COPY custome_options_variants (id, variant_id, custome_option_id) FROM stdin;
\.


--
-- Name: custome_options_variants_id_seq; Type: SEQUENCE SET; Schema: public; Owner: postgres
--

SELECT pg_catalog.setval('custome_options_variants_id_seq', 1, false);


--
-- Data for Name: customoptionimages; Type: TABLE DATA; Schema: public; Owner: postgres
--

COPY customoptionimages (id, custome_option_id, created_at, updated_at, image_file_name, image_content_type, image_file_size, image_updated_at, iprice) FROM stdin;
1	1	2017-01-20 12:20:36.045786	2017-02-02 09:55:48.524104	one.jpg	image/jpeg	130910	2017-02-02 09:55:48.200162	\N
2	1	2017-01-20 12:20:50.090826	2017-02-02 09:56:18.022045	two.jpg	image/jpeg	131688	2017-02-02 09:56:17.744743	\N
3	1	2017-01-20 12:20:59.939307	2017-02-02 09:56:40.977633	three.jpg	image/jpeg	123888	2017-02-02 09:56:40.636747	\N
4	1	2017-01-20 12:21:08.848361	2017-02-02 09:57:09.965977	four.jpg	image/jpeg	108342	2017-02-02 09:57:09.687885	\N
5	1	2017-01-20 12:21:17.495728	2017-02-02 09:57:33.593529	five.jpg	image/jpeg	121448	2017-02-02 09:57:33.266556	\N
6	2	2017-01-28 12:29:32.184095	2017-02-02 09:58:00.851316	one.jpg	image/jpeg	121128	2017-02-02 09:58:00.469846	\N
7	2	2017-01-28 12:29:49.741142	2017-02-02 09:58:27.701412	two.jpg	image/jpeg	114761	2017-02-02 09:58:27.406875	\N
8	2	2017-01-28 12:30:03.04709	2017-02-02 09:59:08.741351	three.jpg	image/jpeg	129267	2017-02-02 09:59:08.47888	\N
9	2	2017-01-28 12:30:18.009645	2017-02-02 09:59:34.870232	four.jpg	image/jpeg	129669	2017-02-02 09:59:34.581849	\N
10	2	2017-01-28 12:30:30.13231	2017-02-02 09:59:59.107958	five.jpg	image/jpeg	118836	2017-02-02 09:59:58.829554	\N
11	3	2017-02-01 13:58:50.041302	2017-02-02 10:00:27.43158	one.jpg	image/jpeg	129219	2017-02-02 10:00:27.14948	\N
12	3	2017-02-01 13:59:13.493163	2017-02-02 10:00:48.30833	two.jpg	image/jpeg	131633	2017-02-02 10:00:48.027809	\N
13	3	2017-02-01 13:59:31.553295	2017-02-02 10:01:09.586975	three.jpg	image/jpeg	125983	2017-02-02 10:01:09.312811	\N
14	3	2017-02-01 13:59:49.079722	2017-02-02 10:01:32.539843	four.jpg	image/jpeg	118225	2017-02-02 10:01:32.266413	\N
15	3	2017-02-01 14:00:06.480263	2017-02-06 13:35:50.925312	five.jpg	image/jpeg	115454	2017-02-02 10:01:51.455262	299
\.


--
-- Name: customoptionimages_id_seq; Type: SEQUENCE SET; Schema: public; Owner: postgres
--

SELECT pg_catalog.setval('customoptionimages_id_seq', 15, true);


--
-- Data for Name: friendly_id_slugs; Type: TABLE DATA; Schema: public; Owner: postgres
--

COPY friendly_id_slugs (id, slug, sluggable_id, sluggable_type, scope, created_at) FROM stdin;
\.


--
-- Name: friendly_id_slugs_id_seq; Type: SEQUENCE SET; Schema: public; Owner: postgres
--

SELECT pg_catalog.setval('friendly_id_slugs_id_seq', 1, false);


--
-- Data for Name: importexcels; Type: TABLE DATA; Schema: public; Owner: postgres
--

COPY importexcels (id, created_at, updated_at) FROM stdin;
\.


--
-- Name: importexcels_id_seq; Type: SEQUENCE SET; Schema: public; Owner: postgres
--

SELECT pg_catalog.setval('importexcels_id_seq', 1, false);


--
-- Data for Name: middleimages; Type: TABLE DATA; Schema: public; Owner: postgres
--

COPY middleimages (id, name, created_at, updated_at, image_file_name, image_content_type, image_file_size, image_updated_at, keyword) FROM stdin;
1	handpicked	2017-01-31 11:41:51.934284	2017-02-28 07:04:48.343308	handpicked.png	image/png	272384	2017-02-28 07:04:47.813149	Handpicked
2	What's New	2017-01-31 11:42:13.592403	2017-02-28 07:05:17.86464	whats_new.png	image/png	216710	2017-02-28 07:05:17.366232	new
\.


--
-- Name: middleimages_id_seq; Type: SEQUENCE SET; Schema: public; Owner: postgres
--

SELECT pg_catalog.setval('middleimages_id_seq', 2, true);


--
-- Data for Name: mobile_banners; Type: TABLE DATA; Schema: public; Owner: Angelo
--

COPY mobile_banners (id, image_file_name, image_content_type, image_file_size, image_updated_at, created_at, updated_at, category_id, keyword) FROM stdin;
4	banner-one-HD.png	image/png	1825810	2017-01-19 12:02:18.589718	2017-01-19 12:02:19.367061	2017-02-09 08:32:40.948659	1	Top Blouse
\.


--
-- Data for Name: option_values; Type: TABLE DATA; Schema: public; Owner: postgres
--

COPY option_values (id, option_id, name, created_at, updated_at, image_file_name, image_content_type, image_file_size, image_updated_at, custome_option_id) FROM stdin;
15	3	#000000	2017-01-19 11:39:01.072955	2017-01-19 11:39:01.072955	\N	\N	\N	\N	\N
16	3	#ffffff	2017-01-19 15:03:32.792282	2017-01-19 15:03:32.792282	\N	\N	\N	\N	\N
17	3	#e0115f	2017-01-19 15:04:42.23377	2017-01-19 15:04:42.23377	\N	\N	\N	\N	\N
14	2	Regular (5'4 - 5'8)	2017-01-19 11:38:04.196977	2017-01-30 11:25:25.706024	\N	\N	\N	\N	\N
13	2	Petite (upto 5'4)	2017-01-19 11:37:33.701721	2017-01-30 11:27:04.701866	\N	\N	\N	\N	\N
12	2	Tall (above 5'8) 	2017-01-19 11:36:51.353982	2017-01-30 11:28:16.733608	\N	\N	\N	\N	\N
1	1	000 (XXXS)	2017-01-19 11:32:19.465842	2017-02-04 08:07:18.079655	\N	\N	\N	\N	\N
2	1	00 (XXS)	2017-01-19 11:32:30.768211	2017-02-04 08:07:30.853809	\N	\N	\N	\N	\N
3	1	2 (XS)	2017-01-19 11:32:40.670293	2017-02-04 08:07:47.015848	\N	\N	\N	\N	\N
4	1	4 (S)	2017-01-19 11:33:00.002735	2017-02-04 08:08:06.937484	\N	\N	\N	\N	\N
5	1	6 (S)	2017-01-19 11:33:15.417136	2017-02-04 08:08:17.138047	\N	\N	\N	\N	\N
6	1	8 (M)	2017-01-19 11:33:28.540804	2017-02-04 08:08:28.157331	\N	\N	\N	\N	\N
7	1	10 (M)	2017-01-19 11:33:41.262061	2017-02-04 08:08:39.141952	\N	\N	\N	\N	\N
8	1	12 (L)	2017-01-19 11:34:16.059644	2017-02-04 08:08:52.32843	\N	\N	\N	\N	\N
9	1	14 (L)	2017-01-19 11:34:26.357631	2017-02-04 08:09:04.915434	\N	\N	\N	\N	\N
10	1	16 (XL)	2017-01-19 11:34:45.390099	2017-02-04 08:09:57.740046	\N	\N	\N	\N	\N
11	1	18 (XL)	2017-01-19 11:34:55.146281	2017-02-04 08:10:08.70723	\N	\N	\N	\N	\N
18	1	20 (XXL)	2017-02-01 12:15:55.022737	2017-02-04 08:10:23.877025	\N	\N	\N	\N	\N
\.


--
-- Name: option_values_id_seq; Type: SEQUENCE SET; Schema: public; Owner: postgres
--

SELECT pg_catalog.setval('option_values_id_seq', 18, true);


--
-- Data for Name: options; Type: TABLE DATA; Schema: public; Owner: postgres
--

COPY options (id, name, created_at, updated_at) FROM stdin;
1	size	2017-01-19 11:26:40.626403	2017-01-19 11:26:40.626403
2	height	2017-01-19 11:26:50.350388	2017-01-19 11:26:50.350388
3	color	2017-01-19 11:29:59.709385	2017-01-19 11:29:59.709385
\.


--
-- Name: options_id_seq; Type: SEQUENCE SET; Schema: public; Owner: postgres
--

SELECT pg_catalog.setval('options_id_seq', 3, true);


--
-- Data for Name: options_products; Type: TABLE DATA; Schema: public; Owner: postgres
--

COPY options_products (id, product_id, option_id) FROM stdin;
13	5	1
14	5	2
15	6	1
16	6	2
17	7	1
18	7	2
19	8	1
20	8	2
21	9	1
22	9	2
23	10	1
24	10	2
25	11	1
26	11	2
27	12	1
28	12	2
29	13	1
30	13	2
31	14	1
32	14	2
33	15	1
34	15	2
35	16	1
36	16	2
37	17	1
38	17	2
39	18	1
40	18	2
41	19	1
42	19	2
43	20	1
44	20	2
45	21	1
46	21	2
47	22	1
48	22	2
49	23	1
50	23	2
51	24	1
52	24	2
53	25	1
54	25	2
55	26	1
56	26	2
57	27	1
58	27	2
59	28	1
60	28	2
61	29	1
62	29	2
63	30	1
64	30	2
65	31	1
66	31	2
67	32	1
68	32	2
69	33	1
70	33	2
71	34	1
72	34	2
73	35	1
74	35	2
75	36	1
76	36	2
77	37	1
78	37	2
79	38	1
80	38	2
81	39	1
82	39	2
83	40	1
84	40	2
85	41	1
86	41	2
87	42	1
88	42	2
89	43	1
90	43	2
91	44	1
92	44	2
93	45	1
94	45	2
95	46	1
96	46	2
97	47	1
98	47	2
99	48	1
100	48	2
101	49	1
102	49	2
103	50	1
104	50	2
105	51	1
106	51	2
107	52	1
108	52	2
109	53	1
110	53	2
111	54	1
112	54	2
113	55	1
114	55	2
115	56	1
116	56	2
117	57	1
118	57	2
119	58	1
120	58	2
121	59	1
122	59	2
123	60	1
124	60	2
125	61	1
126	61	2
127	62	1
128	62	2
129	63	1
130	63	2
131	64	1
132	64	2
133	65	1
134	65	2
135	66	1
136	66	2
137	67	1
138	67	2
139	68	1
140	68	2
141	69	1
142	69	2
143	70	1
144	70	2
145	71	1
146	71	2
147	72	1
148	72	2
149	73	1
150	73	2
151	74	1
152	74	2
153	75	1
154	75	2
155	76	1
156	76	2
157	77	1
158	77	2
159	78	1
160	78	2
161	79	1
162	79	2
163	80	1
164	80	2
165	81	1
166	81	2
167	82	1
168	82	2
169	83	1
170	83	2
171	84	1
172	84	2
173	85	1
174	85	2
175	86	1
176	86	2
177	87	1
178	87	2
179	88	1
180	88	2
181	89	1
182	89	2
183	90	1
184	90	2
185	91	1
186	91	2
187	92	1
188	92	2
189	93	1
190	93	2
191	94	1
192	94	2
\.


--
-- Name: options_products_id_seq; Type: SEQUENCE SET; Schema: public; Owner: postgres
--

SELECT pg_catalog.setval('options_products_id_seq', 192, true);


--
-- Data for Name: options_variants; Type: TABLE DATA; Schema: public; Owner: postgres
--

COPY options_variants (id, variant_id, option_id) FROM stdin;
\.


--
-- Name: options_variants_id_seq; Type: SEQUENCE SET; Schema: public; Owner: postgres
--

SELECT pg_catalog.setval('options_variants_id_seq', 1, false);


--
-- Data for Name: orders; Type: TABLE DATA; Schema: public; Owner: postgres
--

COPY orders (id, user_id, cart_id, created_at, updated_at) FROM stdin;
\.


--
-- Name: orders_id_seq; Type: SEQUENCE SET; Schema: public; Owner: postgres
--

SELECT pg_catalog.setval('orders_id_seq', 1, false);


--
-- Data for Name: paytms; Type: TABLE DATA; Schema: public; Owner: postgres
--

COPY paytms (id, name, created_at, updated_at) FROM stdin;
\.


--
-- Name: paytms_id_seq; Type: SEQUENCE SET; Schema: public; Owner: postgres
--

SELECT pg_catalog.setval('paytms_id_seq', 1, false);


--
-- Data for Name: product_galleries; Type: TABLE DATA; Schema: public; Owner: postgres
--

COPY product_galleries (id, image_file_name, image_content_type, image_file_size, image_updated_at, product_id, created_at, updated_at) FROM stdin;
563	1.jpg	image/jpeg	1016532	2017-01-26 15:06:05.881425	5	2017-01-26 15:06:07.995484	2017-01-26 15:06:07.995484
564	IMGL16134.jpg	image/jpeg	1197682	2017-01-26 15:06:08.01306	5	2017-01-26 15:06:10.241801	2017-01-26 15:06:10.241801
565	IMGL16185.jpg	image/jpeg	964643	2017-01-26 15:06:10.273512	5	2017-01-26 15:06:12.514287	2017-01-26 15:06:12.514287
566	IMGL16093.jpg	image/jpeg	968587	2017-01-26 15:06:12.526749	5	2017-01-26 15:06:14.710267	2017-01-26 15:06:14.710267
567	IMGL16082.jpg	image/jpeg	1183071	2017-01-26 15:06:14.722906	5	2017-01-26 15:06:16.789709	2017-01-26 15:06:16.789709
568	1.jpg	image/jpeg	1108933	2017-01-26 15:06:16.803929	6	2017-01-26 15:06:18.906948	2017-01-26 15:06:18.906948
569	IMGL15895.jpg	image/jpeg	1110676	2017-01-26 15:06:18.922461	6	2017-01-26 15:06:21.109618	2017-01-26 15:06:21.109618
570	IMGL15863.jpg	image/jpeg	1105635	2017-01-26 15:06:21.13527	6	2017-01-26 15:06:23.265184	2017-01-26 15:06:23.265184
571	IMGL15822.jpg	image/jpeg	1377278	2017-01-26 15:06:23.285158	6	2017-01-26 15:06:25.530476	2017-01-26 15:06:25.530476
572	IMGL15874.jpg	image/jpeg	1502171	2017-01-26 15:06:25.546378	6	2017-01-26 15:06:27.663831	2017-01-26 15:06:27.663831
573	IMGL27732.jpg	image/jpeg	1536320	2017-01-26 15:06:27.677453	7	2017-01-26 15:06:29.873007	2017-01-26 15:06:29.873007
574	1.jpg	image/jpeg	1134860	2017-01-26 15:06:29.884486	7	2017-01-26 15:06:32.055453	2017-01-26 15:06:32.055453
575	IMGL27775.jpg	image/jpeg	1613812	2017-01-26 15:06:32.067379	7	2017-01-26 15:06:34.204374	2017-01-26 15:06:34.204374
576	IMGL27753.jpg	image/jpeg	1364917	2017-01-26 15:06:34.216838	7	2017-01-26 15:06:36.447367	2017-01-26 15:06:36.447367
577	IMGL27764.jpg	image/jpeg	1386096	2017-01-26 15:06:36.463839	7	2017-01-26 15:06:38.54426	2017-01-26 15:06:38.54426
578	1.jpg	image/jpeg	3490801	2017-01-26 15:06:38.559773	8	2017-01-26 15:06:45.218886	2017-01-26 15:06:45.218886
579	IMGL16445.jpg	image/jpeg	1099235	2017-01-26 15:06:45.23399	8	2017-01-26 15:06:47.323218	2017-01-26 15:06:47.323218
580	IMGL16322.jpg	image/jpeg	1380678	2017-01-26 15:06:47.33551	8	2017-01-26 15:06:49.555694	2017-01-26 15:06:49.555694
581	IMGL16383.jpg	image/jpeg	1137641	2017-01-26 15:06:49.567835	8	2017-01-26 15:06:51.681288	2017-01-26 15:06:51.681288
582	IMGL16394.jpg	image/jpeg	1328788	2017-01-26 15:06:51.695095	8	2017-01-26 15:06:53.782739	2017-01-26 15:06:53.782739
583	IMGL16654.jpg	image/jpeg	1398809	2017-01-26 15:06:53.796862	8	2017-01-26 15:06:55.899205	2017-01-26 15:06:55.899205
584	1.jpg	image/jpeg	1066993	2017-01-26 15:06:55.911729	8	2017-01-26 15:06:57.917905	2017-01-26 15:06:57.917905
585	IMGL16592.jpg	image/jpeg	1303083	2017-01-26 15:06:57.929549	8	2017-01-26 15:06:59.979736	2017-01-26 15:06:59.979736
586	IMGL16623.jpg	image/jpeg	1258054	2017-01-26 15:06:59.991833	8	2017-01-26 15:07:02.040006	2017-01-26 15:07:02.040006
587	IMGL16695.jpg	image/jpeg	1080609	2017-01-26 15:07:02.051657	8	2017-01-26 15:07:04.076723	2017-01-26 15:07:04.076723
588	1.jpg	image/jpeg	1106809	2017-01-26 15:07:04.090135	10	2017-01-26 15:07:06.089706	2017-01-26 15:07:06.089706
589	4.jpg	image/jpeg	1452420	2017-01-26 15:07:06.11501	10	2017-01-26 15:07:08.200742	2017-01-26 15:07:08.200742
590	5.jpg	image/jpeg	1282294	2017-01-26 15:07:08.25853	10	2017-01-26 15:07:10.327533	2017-01-26 15:07:10.327533
591	3.jpg	image/jpeg	1227627	2017-01-26 15:07:10.342115	10	2017-01-26 15:07:12.433973	2017-01-26 15:07:12.433973
592	2.jpg	image/jpeg	1459998	2017-01-26 15:07:12.446642	10	2017-01-26 15:07:14.614693	2017-01-26 15:07:14.614693
593	IMGL2691_13.jpg	image/jpeg	1179167	2017-01-26 15:07:14.633	10	2017-01-26 15:07:16.851427	2017-01-26 15:07:16.851427
594	1.jpg	image/jpeg	998664	2017-01-26 15:07:16.865388	10	2017-01-26 15:07:18.927364	2017-01-26 15:07:18.927364
595	IMGL2693_14.jpg	image/jpeg	1346563	2017-01-26 15:07:18.947465	10	2017-01-26 15:07:21.086609	2017-01-26 15:07:21.086609
596	IMGL2689_12.jpg	image/jpeg	1211389	2017-01-26 15:07:21.099442	10	2017-01-26 15:07:23.786378	2017-01-26 15:07:23.786378
597	2.jpg	image/jpeg	1272964	2017-01-26 15:07:23.806952	10	2017-01-26 15:07:25.999168	2017-01-26 15:07:25.999168
598	1.jpg	image/jpeg	1044829	2017-01-26 15:07:26.014161	12	2017-01-26 15:07:28.008717	2017-01-26 15:07:28.008717
599	4.jpg	image/jpeg	1513524	2017-01-26 15:07:28.022497	12	2017-01-26 15:07:30.1397	2017-01-26 15:07:30.1397
600	5.jpg	image/jpeg	1274798	2017-01-26 15:07:30.153924	12	2017-01-26 15:07:32.281116	2017-01-26 15:07:32.281116
601	3.jpg	image/jpeg	1310389	2017-01-26 15:07:32.294259	12	2017-01-26 15:07:34.401563	2017-01-26 15:07:34.401563
602	2.jpg	image/jpeg	1398627	2017-01-26 15:07:34.422687	12	2017-01-26 15:07:36.568645	2017-01-26 15:07:36.568645
603	1.jpg	image/jpeg	1366659	2017-01-26 15:07:36.583376	13	2017-01-26 15:07:38.682127	2017-01-26 15:07:38.682127
604	IMGL19393.jpg	image/jpeg	1314893	2017-01-26 15:07:38.694767	13	2017-01-26 15:07:40.742107	2017-01-26 15:07:40.742107
605	IMGL19444.jpg	image/jpeg	1707734	2017-01-26 15:07:40.756069	13	2017-01-26 15:07:42.911358	2017-01-26 15:07:42.911358
606	IMGL1948.jpg	image/jpeg	1279507	2017-01-26 15:07:42.923619	13	2017-01-26 15:07:44.99486	2017-01-26 15:07:44.99486
607	2.jpg	image/jpeg	1613880	2017-01-26 15:07:45.031044	13	2017-01-26 15:07:47.142762	2017-01-26 15:07:47.142762
608	1.jpg	image/jpeg	986091	2017-01-26 15:07:47.15548	14	2017-01-26 15:07:49.114974	2017-01-26 15:07:49.114974
609	IMGL17532.jpg	image/jpeg	1242166	2017-01-26 15:07:49.127128	14	2017-01-26 15:07:51.205586	2017-01-26 15:07:51.205586
610	IMGL17584.jpg	image/jpeg	1302883	2017-01-26 15:07:51.218035	14	2017-01-26 15:07:53.317718	2017-01-26 15:07:53.317718
611	IMGL17553.jpg	image/jpeg	1099855	2017-01-26 15:07:53.331489	14	2017-01-26 15:07:55.418566	2017-01-26 15:07:55.418566
612	IMGL17605.jpg	image/jpeg	1044141	2017-01-26 15:07:55.430421	14	2017-01-26 15:07:57.508668	2017-01-26 15:07:57.508668
613	IMGL15502.jpg	image/jpeg	1268753	2017-01-26 15:07:57.523016	15	2017-01-26 15:07:59.575871	2017-01-26 15:07:59.575871
614	1.jpg	image/jpeg	1051595	2017-01-26 15:07:59.58775	15	2017-01-26 15:08:01.617394	2017-01-26 15:08:01.617394
615	IMGL15594.jpg	image/jpeg	1077917	2017-01-26 15:08:01.628986	15	2017-01-26 15:08:03.65117	2017-01-26 15:08:03.65117
616	IMGL15543.jpg	image/jpeg	1089982	2017-01-26 15:08:03.663118	15	2017-01-26 15:08:05.700006	2017-01-26 15:08:05.700006
617	1.jpg	image/jpeg	1036886	2017-01-26 15:08:05.714128	16	2017-01-26 15:08:07.883515	2017-01-26 15:08:07.883515
618	IMGL18345.jpg	image/jpeg	1080232	2017-01-26 15:08:07.896762	16	2017-01-26 15:08:10.008421	2017-01-26 15:08:10.008421
619	IMGL18324.jpg	image/jpeg	1325920	2017-01-26 15:08:10.021342	16	2017-01-26 15:08:12.144835	2017-01-26 15:08:12.144835
620	IMGL18272.jpg	image/jpeg	1296079	2017-01-26 15:08:12.159826	16	2017-01-26 15:08:14.279428	2017-01-26 15:08:14.279428
621	IMGL18293.jpg	image/jpeg	1057368	2017-01-26 15:08:14.293073	16	2017-01-26 15:08:16.667251	2017-01-26 15:08:16.667251
622	IMGL15202.jpg	image/jpeg	1184978	2017-01-26 15:08:16.682563	17	2017-01-26 15:08:18.953419	2017-01-26 15:08:18.953419
623	1.jpg	image/jpeg	905440	2017-01-26 15:08:18.967265	17	2017-01-26 15:08:20.969679	2017-01-26 15:08:20.969679
624	IMGL15274.jpg	image/jpeg	1243306	2017-01-26 15:08:20.982626	17	2017-01-26 15:08:23.100964	2017-01-26 15:08:23.100964
625	IMGL15233.jpg	image/jpeg	1055173	2017-01-26 15:08:23.115154	17	2017-01-26 15:08:25.527114	2017-01-26 15:08:25.527114
626	IMGL15315.jpg	image/jpeg	985989	2017-01-26 15:08:25.5396	17	2017-01-26 15:08:27.673617	2017-01-26 15:08:27.673617
627	1.jpg	image/jpeg	998908	2017-01-26 15:08:27.720674	18	2017-01-26 15:08:29.773592	2017-01-26 15:08:29.773592
628	IMGL16935.jpg	image/jpeg	1446688	2017-01-26 15:08:29.787214	18	2017-01-26 15:08:31.921551	2017-01-26 15:08:31.921551
629	IMGL1687.jpg	image/jpeg	1131497	2017-01-26 15:08:31.939302	18	2017-01-26 15:08:33.816949	2017-01-26 15:08:33.816949
630	2.jpg	image/jpeg	1362650	2017-01-26 15:08:33.831811	18	2017-01-26 15:08:36.032714	2017-01-26 15:08:36.032714
631	IMGL1691.jpg	image/jpeg	995656	2017-01-26 15:08:36.046722	18	2017-01-26 15:08:37.950603	2017-01-26 15:08:37.950603
632	IMGL27134.jpg	image/jpeg	268720	2017-01-26 15:08:37.962995	19	2017-01-26 15:08:38.457025	2017-01-26 15:08:38.457025
633	1.jpg	image/jpeg	2644870	2017-01-26 15:08:38.474747	19	2017-01-26 15:08:45.117778	2017-01-26 15:08:45.117778
634	IMGL27102.jpg	image/jpeg	1595491	2017-01-26 15:08:45.131288	19	2017-01-26 15:08:47.899452	2017-01-26 15:08:47.899452
635	IMGL27123.jpg	image/jpeg	622166	2017-01-26 15:08:47.911442	19	2017-01-26 15:08:49.001772	2017-01-26 15:08:49.001772
636	1.jpg	image/jpeg	1009222	2017-01-26 15:08:49.016315	20	2017-01-26 15:08:51.015648	2017-01-26 15:08:51.015648
637	IMGL17214.jpg	image/jpeg	996131	2017-01-26 15:08:51.02867	20	2017-01-26 15:08:53.015942	2017-01-26 15:08:53.015942
638	IMGL17162.jpg	image/jpeg	1169761	2017-01-26 15:08:53.028622	20	2017-01-26 15:08:55.335796	2017-01-26 15:08:55.335796
639	IMGL17183.jpg	image/jpeg	1025589	2017-01-26 15:08:55.350449	20	2017-01-26 15:08:57.533346	2017-01-26 15:08:57.533346
640	IMGL17255.jpg	image/jpeg	1275600	2017-01-26 15:08:57.548009	20	2017-01-26 15:08:59.791005	2017-01-26 15:08:59.791005
641	IMGL2858_(1)5.jpg	image/jpeg	1416219	2017-01-26 15:08:59.807877	20	2017-01-26 15:09:01.980577	2017-01-26 15:09:01.980577
642	1.jpg	image/jpeg	1062308	2017-01-26 15:09:01.993841	20	2017-01-26 15:09:04.047317	2017-01-26 15:09:04.047317
643	IMGL2854_(1)3.jpg	image/jpeg	1281097	2017-01-26 15:09:04.058829	20	2017-01-26 15:09:06.311452	2017-01-26 15:09:06.311452
644	IMGL2857_(1)4.jpg	image/jpeg	1183774	2017-01-26 15:09:06.330053	20	2017-01-26 15:09:08.530309	2017-01-26 15:09:08.530309
645	IMGL2852_(1)2.jpg	image/jpeg	1378343	2017-01-26 15:09:08.553643	20	2017-01-26 15:09:10.652773	2017-01-26 15:09:10.652773
646	1.jpg	image/jpeg	978906	2017-01-26 15:09:10.669481	22	2017-01-26 15:09:12.739455	2017-01-26 15:09:12.739455
647	IMGL2787_12.jpg	image/jpeg	1296280	2017-01-26 15:09:12.754793	22	2017-01-26 15:09:14.921471	2017-01-26 15:09:14.921471
648	IMGL2793_14.jpg	image/jpeg	1191814	2017-01-26 15:09:14.935288	22	2017-01-26 15:09:17.025974	2017-01-26 15:09:17.025974
649	IMGL2794_15.jpg	image/jpeg	1368596	2017-01-26 15:09:17.041501	22	2017-01-26 15:09:19.222627	2017-01-26 15:09:19.222627
650	IMGL2790_13.jpg	image/jpeg	1214947	2017-01-26 15:09:19.237795	22	2017-01-26 15:09:21.43666	2017-01-26 15:09:21.43666
651	1.jpg	image/jpeg	1258269	2017-01-26 15:09:21.45303	23	2017-01-26 15:09:23.579828	2017-01-26 15:09:23.579828
652	IMGL2970_14.jpg	image/jpeg	1494151	2017-01-26 15:09:23.602766	23	2017-01-26 15:09:25.854963	2017-01-26 15:09:25.854963
653	IMGL2966_12.jpg	image/jpeg	1267444	2017-01-26 15:09:25.872919	23	2017-01-26 15:09:28.116419	2017-01-26 15:09:28.116419
654	2.jpg	image/jpeg	1423689	2017-01-26 15:09:28.131454	23	2017-01-26 15:09:30.269313	2017-01-26 15:09:30.269313
655	IMGL29693.jpg	image/jpeg	564597	2017-01-26 15:09:30.283104	23	2017-01-26 15:09:31.161964	2017-01-26 15:09:31.161964
656	1.jpg	image/jpeg	1076695	2017-01-26 15:09:31.176607	24	2017-01-26 15:09:33.183501	2017-01-26 15:09:33.183501
657	IMGL27184.jpg	image/jpeg	1229346	2017-01-26 15:09:33.200078	24	2017-01-26 15:09:35.638125	2017-01-26 15:09:35.638125
658	IMGL27285.jpg	image/jpeg	1383095	2017-01-26 15:09:35.65906	24	2017-01-26 15:09:37.85587	2017-01-26 15:09:37.85587
659	IMGL27163.jpg	image/jpeg	1255935	2017-01-26 15:09:37.869742	24	2017-01-26 15:09:39.987882	2017-01-26 15:09:39.987882
660	IMGL27152.jpg	image/jpeg	1288270	2017-01-26 15:09:40.001716	24	2017-01-26 15:09:42.113155	2017-01-26 15:09:42.113155
661	IMGL2843_(1).jpg	image/jpeg	1224341	2017-01-26 15:09:42.128599	25	2017-01-26 15:09:44.205312	2017-01-26 15:09:44.205312
662	1.jpg	image/jpeg	998728	2017-01-26 15:09:44.218459	25	2017-01-26 15:09:46.233336	2017-01-26 15:09:46.233336
663	IMGL2845_(1).jpg	image/jpeg	1330407	2017-01-26 15:09:46.2517	25	2017-01-26 15:09:48.437814	2017-01-26 15:09:48.437814
664	IMGL2842_(1).jpg	image/jpeg	1242399	2017-01-26 15:09:48.450886	25	2017-01-26 15:09:50.703431	2017-01-26 15:09:50.703431
665	IMGL2839_(1).jpg	image/jpeg	1296011	2017-01-26 15:09:50.718056	25	2017-01-26 15:09:53.018008	2017-01-26 15:09:53.018008
666	1.jpg	image/jpeg	1123903	2017-01-26 15:09:53.033302	26	2017-01-26 15:09:55.289779	2017-01-26 15:09:55.289779
667	IMGL2607.jpg	image/jpeg	1165286	2017-01-26 15:09:55.303139	26	2017-01-26 15:09:57.571426	2017-01-26 15:09:57.571426
668	IMGL2609.jpg	image/jpeg	1384160	2017-01-26 15:09:57.587647	26	2017-01-26 15:09:59.688032	2017-01-26 15:09:59.688032
669	IMGL2604.jpg	image/jpeg	1174915	2017-01-26 15:09:59.701438	26	2017-01-26 15:10:01.847593	2017-01-26 15:10:01.847593
670	IMGL2602.jpg	image/jpeg	1344515	2017-01-26 15:10:01.860546	26	2017-01-26 15:10:04.010924	2017-01-26 15:10:04.010924
671	Copy_of_IMGL1848.jpg	image/jpeg	1197859	2017-01-26 15:10:04.024696	27	2017-01-26 15:10:06.042949	2017-01-26 15:10:06.042949
672	IMGL1857.jpg	image/jpeg	931303	2017-01-26 15:10:06.057165	27	2017-01-26 15:10:07.820587	2017-01-26 15:10:07.820587
673	IMGL1854.jpg	image/jpeg	1062196	2017-01-26 15:10:07.839865	27	2017-01-26 15:10:09.49232	2017-01-26 15:10:09.49232
674	IMGL1858.jpg	image/jpeg	1729576	2017-01-26 15:10:09.507171	27	2017-01-26 15:10:11.202213	2017-01-26 15:10:11.202213
675	IMGL1848.jpg	image/jpeg	1357946	2017-01-26 15:10:11.214849	27	2017-01-26 15:10:12.713559	2017-01-26 15:10:12.713559
676	1.jpg	image/jpeg	1043629	2017-01-26 15:10:12.72854	27	2017-01-26 15:10:15.031087	2017-01-26 15:10:15.031087
677	IMGL2540.jpg	image/jpeg	1183944	2017-01-26 15:10:15.053842	27	2017-01-26 15:10:17.170282	2017-01-26 15:10:17.170282
678	IMGL2544.jpg	image/jpeg	1209931	2017-01-26 15:10:17.182703	27	2017-01-26 15:10:19.415416	2017-01-26 15:10:19.415416
679	IMGL2541.jpg	image/jpeg	1133455	2017-01-26 15:10:19.429433	27	2017-01-26 15:10:21.585369	2017-01-26 15:10:21.585369
680	2.jpg	image/jpeg	1815683	2017-01-26 15:10:21.598585	27	2017-01-26 15:10:24.701894	2017-01-26 15:10:24.701894
681	1.jpg	image/jpeg	3993468	2017-01-26 15:10:24.722006	29	2017-01-26 15:10:32.743895	2017-01-26 15:10:32.743895
682	IMGL1910.jpg	image/jpeg	1287946	2017-01-26 15:10:32.759496	29	2017-01-26 15:10:34.928542	2017-01-26 15:10:34.928542
683	IMGL1905.jpg	image/jpeg	1217092	2017-01-26 15:10:34.942386	29	2017-01-26 15:10:37.083594	2017-01-26 15:10:37.083594
684	IMGL1903.jpg	image/jpeg	1391799	2017-01-26 15:10:37.110169	29	2017-01-26 15:10:39.418255	2017-01-26 15:10:39.418255
685	IMGL1908.jpg	image/jpeg	1508349	2017-01-26 15:10:39.431819	29	2017-01-26 15:10:41.881645	2017-01-26 15:10:41.881645
686	IMGL2816_(1).jpg	image/jpeg	1183877	2017-01-26 15:10:41.906893	30	2017-01-26 15:10:44.397629	2017-01-26 15:10:44.397629
687	1.jpg	image/jpeg	1035729	2017-01-26 15:10:44.414431	30	2017-01-26 15:10:46.690329	2017-01-26 15:10:46.690329
688	IMGL2820_(1).jpg	image/jpeg	1350546	2017-01-26 15:10:46.715247	30	2017-01-26 15:10:48.903528	2017-01-26 15:10:48.903528
689	IMGL2814_(1).jpg	image/jpeg	1311256	2017-01-26 15:10:48.915386	30	2017-01-26 15:10:51.098382	2017-01-26 15:10:51.098382
690	IMGL2818.jpg	image/jpeg	1378061	2017-01-26 15:10:51.111317	30	2017-01-26 15:10:53.53124	2017-01-26 15:10:53.53124
691	IMGL1806.jpg	image/jpeg	1188554	2017-01-26 15:10:53.543876	31	2017-01-26 15:10:55.56827	2017-01-26 15:10:55.56827
692	IMGL1809.jpg	image/jpeg	1080415	2017-01-26 15:10:55.579722	31	2017-01-26 15:10:57.711005	2017-01-26 15:10:57.711005
693	IMGL1811.jpg	image/jpeg	1735814	2017-01-26 15:10:57.723178	31	2017-01-26 15:10:59.870484	2017-01-26 15:10:59.870484
694	IMGL1805.jpg	image/jpeg	1705227	2017-01-26 15:10:59.883913	31	2017-01-26 15:11:02.169345	2017-01-26 15:11:02.169345
695	1.jpg	image/jpeg	1063762	2017-01-26 15:11:02.1823	32	2017-01-26 15:11:04.379751	2017-01-26 15:11:04.379751
696	IMGL1977.jpg	image/jpeg	1091632	2017-01-26 15:11:04.392655	32	2017-01-26 15:11:06.707803	2017-01-26 15:11:06.707803
697	IMGL1972.jpg	image/jpeg	574578	2017-01-26 15:11:06.718843	32	2017-01-26 15:11:07.575895	2017-01-26 15:11:07.575895
698	IMGL1983.jpg	image/jpeg	1067616	2017-01-26 15:11:07.58826	32	2017-01-26 15:11:09.659901	2017-01-26 15:11:09.659901
699	IMGL1980.jpg	image/jpeg	1349032	2017-01-26 15:11:09.671613	32	2017-01-26 15:11:12.070713	2017-01-26 15:11:12.070713
700	IMGL2573.jpg	image/jpeg	1300823	2017-01-26 15:11:12.088972	33	2017-01-26 15:11:14.260978	2017-01-26 15:11:14.260978
701	1.jpg	image/jpeg	1062990	2017-01-26 15:11:14.277122	33	2017-01-26 15:11:16.369052	2017-01-26 15:11:16.369052
702	IMGL2578.jpg	image/jpeg	1199984	2017-01-26 15:11:16.384273	33	2017-01-26 15:11:18.559411	2017-01-26 15:11:18.559411
703	IMGL2579.jpg	image/jpeg	1388099	2017-01-26 15:11:18.576438	33	2017-01-26 15:11:20.711424	2017-01-26 15:11:20.711424
704	IMGL2576.jpg	image/jpeg	1251429	2017-01-26 15:11:20.728076	33	2017-01-26 15:11:23.439264	2017-01-26 15:11:23.439264
705	1.jpg	image/jpeg	1046175	2017-01-26 15:11:23.462221	34	2017-01-26 15:11:25.477569	2017-01-26 15:11:25.477569
706	IMGL2874_14.jpg	image/jpeg	1425749	2017-01-26 15:11:25.492807	34	2017-01-26 15:11:27.620039	2017-01-26 15:11:27.620039
707	IMGL2879_15.jpg	image/jpeg	1406440	2017-01-26 15:11:27.63382	34	2017-01-26 15:11:29.746232	2017-01-26 15:11:29.746232
708	IMGL2868_12.jpg	image/jpeg	1329732	2017-01-26 15:11:29.76054	34	2017-01-26 15:11:31.944061	2017-01-26 15:11:31.944061
709	IMGL2870_13.jpg	image/jpeg	1270579	2017-01-26 15:11:31.959553	34	2017-01-26 15:11:34.064758	2017-01-26 15:11:34.064758
710	1.jpg	image/jpeg	973000	2017-01-26 15:11:34.082659	35	2017-01-26 15:11:36.207376	2017-01-26 15:11:36.207376
711	IMGL2827_(1)2.jpg	image/jpeg	1281640	2017-01-26 15:11:36.223109	35	2017-01-26 15:11:38.543628	2017-01-26 15:11:38.543628
712	IMGL2830_(1)4.jpg	image/jpeg	1219811	2017-01-26 15:11:38.557296	35	2017-01-26 15:11:40.666705	2017-01-26 15:11:40.666705
713	IMGL2828_(1)3.jpg	image/jpeg	1191177	2017-01-26 15:11:40.68226	35	2017-01-26 15:11:42.770421	2017-01-26 15:11:42.770421
714	IMGL2832_(1)5.jpg	image/jpeg	1336422	2017-01-26 15:11:42.784174	35	2017-01-26 15:11:44.886907	2017-01-26 15:11:44.886907
715	1.jpg	image/jpeg	1086854	2017-01-26 15:11:44.90582	37	2017-01-26 15:11:47.044012	2017-01-26 15:11:47.044012
716	IMGL27372.jpg	image/jpeg	1385782	2017-01-26 15:11:47.058593	37	2017-01-26 15:11:50.150473	2017-01-26 15:11:50.150473
717	IMGL27393.jpg	image/jpeg	1332852	2017-01-26 15:11:50.169828	37	2017-01-26 15:11:53.36714	2017-01-26 15:11:53.36714
718	IMGL27414.jpg	image/jpeg	1349366	2017-01-26 15:11:53.387612	37	2017-01-26 15:11:56.592314	2017-01-26 15:11:56.592314
719	IMGL27495.jpg	image/jpeg	1421496	2017-01-26 15:11:56.611451	37	2017-01-26 15:11:59.834112	2017-01-26 15:11:59.834112
720	37_(3)3.jpg	image/jpeg	535523	2017-01-26 15:11:59.866949	37	2017-01-26 15:12:01.291464	2017-01-26 15:12:01.291464
721	37_(6)5.jpg	image/jpeg	728513	2017-01-26 15:12:01.304006	37	2017-01-26 15:12:02.429184	2017-01-26 15:12:02.429184
722	37_(2)2.jpg	image/jpeg	551520	2017-01-26 15:12:02.463654	37	2017-01-26 15:12:03.640747	2017-01-26 15:12:03.640747
723	37_(1)1.jpg	image/jpeg	538579	2017-01-26 15:12:03.654577	37	2017-01-26 15:12:04.698034	2017-01-26 15:12:04.698034
724	37_(4)4.jpg	image/jpeg	560256	2017-01-26 15:12:04.714636	37	2017-01-26 15:12:05.789024	2017-01-26 15:12:05.789024
725	IMGL15033.jpg	image/jpeg	1147176	2017-01-26 15:12:05.804093	38	2017-01-26 15:12:08.125969	2017-01-26 15:12:08.125969
726	1.jpg	image/jpeg	1084057	2017-01-26 15:12:08.1416	38	2017-01-26 15:12:10.483542	2017-01-26 15:12:10.483542
727	IMGL15095.jpg	image/jpeg	1410675	2017-01-26 15:12:10.501973	38	2017-01-26 15:12:12.710323	2017-01-26 15:12:12.710323
728	IMGL15044.jpg	image/jpeg	1130368	2017-01-26 15:12:12.743912	38	2017-01-26 15:12:14.873324	2017-01-26 15:12:14.873324
729	IMGL15002.jpg	image/jpeg	1264650	2017-01-26 15:12:14.886441	38	2017-01-26 15:12:17.007506	2017-01-26 15:12:17.007506
730	IMGL17865.jpg	image/jpeg	1101615	2017-01-26 15:12:17.024347	39	2017-01-26 15:12:19.313064	2017-01-26 15:12:19.313064
731	1.jpg	image/jpeg	1170230	2017-01-26 15:12:19.328577	39	2017-01-26 15:12:21.585302	2017-01-26 15:12:21.585302
732	IMGL17814.jpg	image/jpeg	1438783	2017-01-26 15:12:21.600523	39	2017-01-26 15:12:23.829864	2017-01-26 15:12:23.829864
733	IMGL17783.jpg	image/jpeg	1144975	2017-01-26 15:12:23.844467	39	2017-01-26 15:12:25.978975	2017-01-26 15:12:25.978975
734	IMGL17762.jpg	image/jpeg	1347764	2017-01-26 15:12:25.992959	39	2017-01-26 15:12:28.767971	2017-01-26 15:12:28.767971
735	1.jpg	image/jpeg	3027103	2017-01-26 15:12:28.796071	38	2017-01-26 15:12:35.990809	2017-01-26 15:12:35.990809
736	IMGL17373.jpg	image/jpeg	1111953	2017-01-26 15:12:36.003798	38	2017-01-26 15:12:38.035799	2017-01-26 15:12:38.035799
737	IMGL17445.jpg	image/jpeg	1031179	2017-01-26 15:12:38.048597	38	2017-01-26 15:12:40.074168	2017-01-26 15:12:40.074168
738	IMGL17362.jpg	image/jpeg	1348012	2017-01-26 15:12:40.087817	38	2017-01-26 15:12:42.214342	2017-01-26 15:12:42.214342
739	IMGL17414.jpg	image/jpeg	1449547	2017-01-26 15:12:42.24245	38	2017-01-26 15:12:44.436851	2017-01-26 15:12:44.436851
740	1.jpg	image/jpeg	3216012	2017-01-26 15:12:44.455144	41	2017-01-26 15:12:51.253438	2017-01-26 15:12:51.253438
741	IMGL14743.jpg	image/jpeg	1335071	2017-01-26 15:12:51.289322	41	2017-01-26 15:12:53.486494	2017-01-26 15:12:53.486494
742	IMGL1467.1.jpg	image/jpeg	1846743	2017-01-26 15:12:53.500388	41	2017-01-26 15:12:55.802349	2017-01-26 15:12:55.802349
743	IMGL14805.jpg	image/jpeg	1235376	2017-01-26 15:12:55.833349	41	2017-01-26 15:12:58.189081	2017-01-26 15:12:58.189081
744	IMGL14764.jpg	image/jpeg	1705499	2017-01-26 15:12:58.202624	41	2017-01-26 15:13:00.405667	2017-01-26 15:13:00.405667
745	IMGL20315.jpg	image/jpeg	1047951	2017-01-26 15:13:00.417997	42	2017-01-26 15:13:02.454664	2017-01-26 15:13:02.454664
746	1.jpg	image/jpeg	1062748	2017-01-26 15:13:02.471421	42	2017-01-26 15:13:04.553372	2017-01-26 15:13:04.553372
747	IMGL20263.jpg	image/jpeg	1095767	2017-01-26 15:13:04.572213	42	2017-01-26 15:13:06.635065	2017-01-26 15:13:06.635065
748	IMGL20274.jpg	image/jpeg	1287155	2017-01-26 15:13:06.646908	42	2017-01-26 15:13:08.8411	2017-01-26 15:13:08.8411
749	IMGL20222.jpg	image/jpeg	1257865	2017-01-26 15:13:08.865905	42	2017-01-26 15:13:11.130283	2017-01-26 15:13:11.130283
750	IMGL26343.jpg	image/jpeg	1305503	2017-01-26 15:13:11.143762	43	2017-01-26 15:13:13.239383	2017-01-26 15:13:13.239383
751	1.jpg	image/jpeg	3532542	2017-01-26 15:13:13.254977	43	2017-01-26 15:13:20.239359	2017-01-26 15:13:20.239359
752	IMGL26385.jpg	image/jpeg	1636279	2017-01-26 15:13:20.254384	43	2017-01-26 15:13:22.758294	2017-01-26 15:13:22.758294
753	IMGL2628.12.jpg	image/jpeg	1801154	2017-01-26 15:13:22.770302	43	2017-01-26 15:13:25.154223	2017-01-26 15:13:25.154223
754	IMGL26374.jpg	image/jpeg	1370380	2017-01-26 15:13:25.179587	43	2017-01-26 15:13:27.184113	2017-01-26 15:13:27.184113
755	1.jpg	image/jpeg	995882	2017-01-26 15:13:27.198037	44	2017-01-26 15:13:29.239866	2017-01-26 15:13:29.239866
756	IMGL23773.jpg	image/jpeg	1130543	2017-01-26 15:13:29.254872	44	2017-01-26 15:13:31.348539	2017-01-26 15:13:31.348539
757	IMGL23804.jpg	image/jpeg	1267539	2017-01-26 15:13:31.363325	44	2017-01-26 15:13:33.682401	2017-01-26 15:13:33.682401
758	IMGL23721.jpg	image/jpeg	1269534	2017-01-26 15:13:33.699626	44	2017-01-26 15:13:35.891899	2017-01-26 15:13:35.891899
759	IMGL23742.jpg	image/jpeg	1116671	2017-01-26 15:13:35.922455	44	2017-01-26 15:13:38.36188	2017-01-26 15:13:38.36188
765	1.jpg	image/jpeg	1022231	2017-01-26 15:13:48.601418	46	2017-01-26 15:13:51.051205	2017-01-26 15:13:51.051205
766	IMGL23123.jpg	image/jpeg	1150325	2017-01-26 15:13:51.066824	46	2017-01-26 15:13:53.23059	2017-01-26 15:13:53.23059
767	IMGL23091.jpg	image/jpeg	1258222	2017-01-26 15:13:53.247354	46	2017-01-26 15:13:55.417106	2017-01-26 15:13:55.417106
768	IMGL23154.jpg	image/jpeg	1282341	2017-01-26 15:13:55.431069	46	2017-01-26 15:13:57.586989	2017-01-26 15:13:57.586989
769	IMGL23112.jpg	image/jpeg	1135357	2017-01-26 15:13:57.610195	46	2017-01-26 15:13:59.799434	2017-01-26 15:13:59.799434
770	1.jpg	image/jpeg	907271	2017-01-26 15:13:59.822953	47	2017-01-26 15:14:01.896085	2017-01-26 15:14:01.896085
771	IMGL1258_2.jpg	image/jpeg	1036148	2017-01-26 15:14:01.910061	47	2017-01-26 15:14:04.052989	2017-01-26 15:14:04.052989
772	IMGL1261_2.jpg	image/jpeg	965179	2017-01-26 15:14:04.07374	47	2017-01-26 15:14:06.091872	2017-01-26 15:14:06.091872
773	IMGL1260_2.jpg	image/jpeg	1120203	2017-01-26 15:14:06.105768	47	2017-01-26 15:14:08.040299	2017-01-26 15:14:08.040299
774	IMGL1259_2.jpg	image/jpeg	938791	2017-01-26 15:14:08.053465	47	2017-01-26 15:14:09.981536	2017-01-26 15:14:09.981536
775	IMGL1272_1.jpg	image/jpeg	1302014	2017-01-26 15:14:09.995898	48	2017-01-26 15:14:12.016253	2017-01-26 15:14:12.016253
776	1.jpg	image/jpeg	1191371	2017-01-26 15:14:12.034197	48	2017-01-26 15:14:13.980596	2017-01-26 15:14:13.980596
777	IMGL1282_1.jpg	image/jpeg	1130535	2017-01-26 15:14:13.994128	48	2017-01-26 15:14:16.005595	2017-01-26 15:14:16.005595
778	IMGL1283_1.jpg	image/jpeg	1083399	2017-01-26 15:14:16.019212	48	2017-01-26 15:14:18.08199	2017-01-26 15:14:18.08199
779	IMGL1287_1.jpg	image/jpeg	1254578	2017-01-26 15:14:18.09502	48	2017-01-26 15:14:20.04048	2017-01-26 15:14:20.04048
780	1.jpg	image/jpeg	1196059	2017-01-26 15:14:20.063854	48	2017-01-26 15:14:22.074453	2017-01-26 15:14:22.074453
781	IMGL1303_1.jpg	image/jpeg	1270658	2017-01-26 15:14:22.090719	48	2017-01-26 15:14:24.097344	2017-01-26 15:14:24.097344
782	IMGL1309_1.jpg	image/jpeg	1098527	2017-01-26 15:14:24.122878	48	2017-01-26 15:14:26.11317	2017-01-26 15:14:26.11317
783	IMGL1306_1.jpg	image/jpeg	1112961	2017-01-26 15:14:26.127931	48	2017-01-26 15:14:28.0833	2017-01-26 15:14:28.0833
784	IMGL1296_1.jpg	image/jpeg	1281134	2017-01-26 15:14:28.096929	48	2017-01-26 15:14:30.158768	2017-01-26 15:14:30.158768
785	IMGL1224_1.jpg	image/jpeg	956557	2017-01-26 15:14:30.184231	50	2017-01-26 15:14:32.304678	2017-01-26 15:14:32.304678
786	1.jpg	image/jpeg	1098953	2017-01-26 15:14:32.318105	50	2017-01-26 15:14:34.244245	2017-01-26 15:14:34.244245
787	IMGL1223_1.jpg	image/jpeg	962672	2017-01-26 15:14:34.259965	50	2017-01-26 15:14:36.639333	2017-01-26 15:14:36.639333
788	IMGL1225_1.jpg	image/jpeg	1133864	2017-01-26 15:14:36.653867	50	2017-01-26 15:14:38.709975	2017-01-26 15:14:38.709975
789	IMGL1226_1.jpg	image/jpeg	1155417	2017-01-26 15:14:38.723009	50	2017-01-26 15:14:40.699697	2017-01-26 15:14:40.699697
790	1.jpg	image/jpeg	1127112	2017-01-26 15:14:40.71467	51	2017-01-26 15:14:42.900484	2017-01-26 15:14:42.900484
791	IMGL11083.jpg	image/jpeg	1380846	2017-01-26 15:14:42.924754	51	2017-01-26 15:14:45.263762	2017-01-26 15:14:45.263762
792	IMGL11104.jpg	image/jpeg	1172499	2017-01-26 15:14:45.300614	51	2017-01-26 15:14:47.777943	2017-01-26 15:14:47.777943
793	IMGL1106.jpg	image/jpeg	1220220	2017-01-26 15:14:47.798952	51	2017-01-26 15:14:50.560644	2017-01-26 15:14:50.560644
794	IMGL11072.jpg	image/jpeg	1320374	2017-01-26 15:14:50.58147	51	2017-01-26 15:14:52.984056	2017-01-26 15:14:52.984056
795	1.jpg	image/jpeg	1061750	2017-01-26 15:14:53.017354	52	2017-01-26 15:14:55.455097	2017-01-26 15:14:55.455097
796	4.jpg	image/jpeg	1065082	2017-01-26 15:14:55.498253	52	2017-01-26 15:14:57.986737	2017-01-26 15:14:57.986737
797	5.jpg	image/jpeg	1172133	2017-01-26 15:14:58.008852	52	2017-01-26 15:15:00.377799	2017-01-26 15:15:00.377799
798	3.jpg	image/jpeg	1069800	2017-01-26 15:15:00.394107	52	2017-01-26 15:15:02.745813	2017-01-26 15:15:02.745813
799	2.jpg	image/jpeg	1141030	2017-01-26 15:15:02.761981	52	2017-01-26 15:15:05.270315	2017-01-26 15:15:05.270315
800	11.jpg	image/jpeg	1078368	2017-01-26 15:15:05.286363	53	2017-01-26 15:15:07.452423	2017-01-26 15:15:07.452423
801	22.jpg	image/jpeg	1266083	2017-01-26 15:15:07.477841	53	2017-01-26 15:15:09.62849	2017-01-26 15:15:09.62849
802	55.jpg	image/jpeg	1057041	2017-01-26 15:15:09.641751	53	2017-01-26 15:15:11.70246	2017-01-26 15:15:11.70246
803	44.jpg	image/jpeg	1252763	2017-01-26 15:15:11.715327	53	2017-01-26 15:15:14.22712	2017-01-26 15:15:14.22712
804	33.jpg	image/jpeg	1109194	2017-01-26 15:15:14.24174	53	2017-01-26 15:15:16.487314	2017-01-26 15:15:16.487314
805	1.jpg	image/jpeg	1119660	2017-01-26 15:15:16.500539	54	2017-01-26 15:15:18.598857	2017-01-26 15:15:18.598857
806	IMGL2525.jpg	image/jpeg	808207	2017-01-26 15:15:18.610587	54	2017-01-26 15:15:20.375334	2017-01-26 15:15:20.375334
807	IMGL25222.jpg	image/jpeg	1166991	2017-01-26 15:15:20.387553	54	2017-01-26 15:15:22.563617	2017-01-26 15:15:22.563617
808	IMGL25201.jpg	image/jpeg	1328426	2017-01-26 15:15:22.579135	54	2017-01-26 15:15:24.838918	2017-01-26 15:15:24.838918
809	IMGL25294.jpg	image/jpeg	1240407	2017-01-26 15:15:24.865535	54	2017-01-26 15:15:29.205107	2017-01-26 15:15:29.205107
810	IMGL24914.jpg	image/jpeg	1564153	2017-01-26 15:15:29.242612	55	2017-01-26 15:15:31.452785	2017-01-26 15:15:31.452785
811	1.jpg	image/jpeg	1260502	2017-01-26 15:15:31.469541	55	2017-01-26 15:15:33.652055	2017-01-26 15:15:33.652055
812	IMGL24903.jpg	image/jpeg	1530187	2017-01-26 15:15:33.667572	55	2017-01-26 15:15:35.996907	2017-01-26 15:15:35.996907
813	IMGL24851.jpg	image/jpeg	1557697	2017-01-26 15:15:36.031698	55	2017-01-26 15:15:38.362053	2017-01-26 15:15:38.362053
814	IMGL24872.jpg	image/jpeg	1417776	2017-01-26 15:15:38.379907	55	2017-01-26 15:15:40.800141	2017-01-26 15:15:40.800141
815	1.jpg	image/jpeg	1101038	2017-01-26 15:15:40.817268	56	2017-01-26 15:15:43.092589	2017-01-26 15:15:43.092589
816	IMGL23675.jpg	image/jpeg	1216954	2017-01-26 15:15:43.106784	56	2017-01-26 15:15:45.479997	2017-01-26 15:15:45.479997
817	IMGL2360.11.jpg	image/jpeg	828132	2017-01-26 15:15:45.500752	56	2017-01-26 15:15:47.060727	2017-01-26 15:15:47.060727
818	IMGL23623.jpg	image/jpeg	1091088	2017-01-26 15:15:47.106408	56	2017-01-26 15:15:49.318737	2017-01-26 15:15:49.318737
819	IMGL23654.jpg	image/jpeg	1189902	2017-01-26 15:15:49.333408	56	2017-01-26 15:15:51.914929	2017-01-26 15:15:51.914929
820	IMGL24532.jpg	image/jpeg	1759901	2017-01-26 15:15:51.946915	57	2017-01-26 15:15:54.427355	2017-01-26 15:15:54.427355
821	1.jpg	image/jpeg	1876812	2017-01-26 15:15:54.470312	57	2017-01-26 15:15:56.910222	2017-01-26 15:15:56.910222
822	IMGL24574.jpg	image/jpeg	1756670	2017-01-26 15:15:56.950079	57	2017-01-26 15:15:59.72662	2017-01-26 15:15:59.72662
823	IMGL2455_(1)3.jpg	image/jpeg	1768964	2017-01-26 15:15:59.746219	57	2017-01-26 15:16:02.169311	2017-01-26 15:16:02.169311
824	IMGL24511.jpg	image/jpeg	1839773	2017-01-26 15:16:02.186884	57	2017-01-26 15:16:04.590293	2017-01-26 15:16:04.590293
825	IMGL24724.jpg	image/jpeg	1524571	2017-01-26 15:16:04.650615	57	2017-01-26 15:16:06.934579	2017-01-26 15:16:06.934579
826	11.jpg	image/jpeg	1514928	2017-01-26 15:16:06.964921	57	2017-01-26 15:16:09.186626	2017-01-26 15:16:09.186626
827	IMGL24755.jpg	image/jpeg	1531343	2017-01-26 15:16:09.200574	57	2017-01-26 15:16:11.342261	2017-01-26 15:16:11.342261
828	IMGL24693.jpg	image/jpeg	1394520	2017-01-26 15:16:11.358827	57	2017-01-26 15:16:13.607431	2017-01-26 15:16:13.607431
829	IMGL24672.jpg	image/jpeg	1530389	2017-01-26 15:16:13.622213	57	2017-01-26 15:16:15.788513	2017-01-26 15:16:15.788513
830	IMGL23283.jpg	image/jpeg	1085227	2017-01-26 15:16:15.804612	59	2017-01-26 15:16:17.888309	2017-01-26 15:16:17.888309
831	1.jpg	image/jpeg	1079623	2017-01-26 15:16:17.910084	59	2017-01-26 15:16:20.094947	2017-01-26 15:16:20.094947
832	IMGL23262.jpg	image/jpeg	1038263	2017-01-26 15:16:20.11124	59	2017-01-26 15:16:22.281193	2017-01-26 15:16:22.281193
833	IMGL23241.jpg	image/jpeg	1197143	2017-01-26 15:16:22.295179	59	2017-01-26 15:16:24.405491	2017-01-26 15:16:24.405491
834	IMGL23334.jpg	image/jpeg	1229990	2017-01-26 15:16:24.420869	59	2017-01-26 15:16:26.554318	2017-01-26 15:16:26.554318
835	1.jpg	image/jpeg	976787	2017-01-26 15:16:26.570662	60	2017-01-26 15:16:28.844924	2017-01-26 15:16:28.844924
836	IMGL14101.jpg	image/jpeg	1149279	2017-01-26 15:16:28.916151	60	2017-01-26 15:16:31.116296	2017-01-26 15:16:31.116296
837	IMGL14233.jpg	image/jpeg	939830	2017-01-26 15:16:31.130076	60	2017-01-26 15:16:33.261662	2017-01-26 15:16:33.261662
838	IMGL14182.jpg	image/jpeg	991402	2017-01-26 15:16:33.275254	60	2017-01-26 15:16:35.396202	2017-01-26 15:16:35.396202
839	IMGL14254.jpg	image/jpeg	1136564	2017-01-26 15:16:35.411597	60	2017-01-26 15:16:37.545344	2017-01-26 15:16:37.545344
840	IMGL1129_1.jpg	image/jpeg	1135084	2017-01-26 15:16:37.561375	61	2017-01-26 15:16:39.890841	2017-01-26 15:16:39.890841
841	1.jpg	image/jpeg	1025961	2017-01-26 15:16:39.909996	61	2017-01-26 15:16:41.886447	2017-01-26 15:16:41.886447
842	IMGL1131_1.jpg	image/jpeg	998094	2017-01-26 15:16:41.903347	61	2017-01-26 15:16:43.790735	2017-01-26 15:16:43.790735
843	IMGL1124_1.jpg	image/jpeg	993767	2017-01-26 15:16:43.80477	61	2017-01-26 15:16:45.760618	2017-01-26 15:16:45.760618
844	IMGL1121_1.jpg	image/jpeg	1106885	2017-01-26 15:16:45.774942	61	2017-01-26 15:16:47.736764	2017-01-26 15:16:47.736764
845	IMGL1143_1.jpg	image/jpeg	1067111	2017-01-26 15:16:47.750948	62	2017-01-26 15:16:49.630442	2017-01-26 15:16:49.630442
846	1.jpg	image/jpeg	1128329	2017-01-26 15:16:49.643783	62	2017-01-26 15:16:51.589916	2017-01-26 15:16:51.589916
847	IMGL1153_1.jpg	image/jpeg	1095896	2017-01-26 15:16:51.602843	62	2017-01-26 15:16:53.532425	2017-01-26 15:16:53.532425
848	IMGL1158_1.jpg	image/jpeg	879825	2017-01-26 15:16:53.545194	62	2017-01-26 15:16:55.377516	2017-01-26 15:16:55.377516
849	IMGL1148_1.jpg	image/jpeg	969320	2017-01-26 15:16:55.39076	62	2017-01-26 15:16:57.308545	2017-01-26 15:16:57.308545
850	1.jpg	image/jpeg	3334263	2017-01-26 15:16:57.326436	63	2017-01-26 15:17:04.799256	2017-01-26 15:17:04.799256
851	IMGL1333_13.jpg	image/jpeg	1069854	2017-01-26 15:17:04.812456	63	2017-01-26 15:17:06.995243	2017-01-26 15:17:06.995243
852	IMGL1341_1_neha_edit5.jpg	image/jpeg	961925	2017-01-26 15:17:07.010253	63	2017-01-26 15:17:09.204761	2017-01-26 15:17:09.204761
853	IMGL1338_14.jpg	image/jpeg	1175445	2017-01-26 15:17:09.219627	63	2017-01-26 15:17:11.446009	2017-01-26 15:17:11.446009
854	IMGL1329_12.jpg	image/jpeg	1157401	2017-01-26 15:17:11.461613	63	2017-01-26 15:17:13.626153	2017-01-26 15:17:13.626153
855	IMGL2431.jpg	image/jpeg	1156050	2017-01-26 15:17:13.640864	64	2017-01-26 15:17:15.592478	2017-01-26 15:17:15.592478
856	1.jpg	image/jpeg	1033716	2017-01-26 15:17:15.606781	64	2017-01-26 15:17:17.608048	2017-01-26 15:17:17.608048
857	IMGL2435.jpg	image/jpeg	1083252	2017-01-26 15:17:17.622237	64	2017-01-26 15:17:19.613438	2017-01-26 15:17:19.613438
858	IMGL2438.jpg	image/jpeg	1123166	2017-01-26 15:17:19.626033	64	2017-01-26 15:17:21.731455	2017-01-26 15:17:21.731455
859	IMGL2441.jpg	image/jpeg	1136075	2017-01-26 15:17:21.744194	64	2017-01-26 15:17:23.63157	2017-01-26 15:17:23.63157
860	1.jpg	image/jpeg	1051344	2017-01-26 15:17:23.644028	65	2017-01-26 15:17:25.752466	2017-01-26 15:17:25.752466
861	IMGL25124.jpg	image/jpeg	1101159	2017-01-26 15:17:25.764296	65	2017-01-26 15:17:27.754788	2017-01-26 15:17:27.754788
862	IMGL25051.jpg	image/jpeg	1207358	2017-01-26 15:17:27.768006	65	2017-01-26 15:17:29.748667	2017-01-26 15:17:29.748667
863	IMGL25093.jpg	image/jpeg	1179602	2017-01-26 15:17:29.760135	65	2017-01-26 15:17:31.696322	2017-01-26 15:17:31.696322
864	IMGL2507.jpg	image/jpeg	1000709	2017-01-26 15:17:31.707904	65	2017-01-26 15:17:33.757322	2017-01-26 15:17:33.757322
865	IMGL10652.jpg	image/jpeg	1173215	2017-01-26 15:17:33.783013	66	2017-01-26 15:17:35.877577	2017-01-26 15:17:35.877577
866	1.jpg	image/jpeg	1025143	2017-01-26 15:17:35.891239	66	2017-01-26 15:17:37.88358	2017-01-26 15:17:37.88358
867	IMGL10621.jpg	image/jpeg	1410524	2017-01-26 15:17:37.897897	66	2017-01-26 15:17:40.130855	2017-01-26 15:17:40.130855
868	IMGL10734.jpg	image/jpeg	1198025	2017-01-26 15:17:40.148338	66	2017-01-26 15:17:42.259091	2017-01-26 15:17:42.259091
869	IMGL10703.jpg	image/jpeg	1388230	2017-01-26 15:17:42.276064	66	2017-01-26 15:17:44.558538	2017-01-26 15:17:44.558538
870	4_(2)5.jpg	image/jpeg	1195537	2017-01-26 15:17:44.574932	67	2017-01-26 15:17:46.818489	2017-01-26 15:17:46.818489
871	1.jpg	image/jpeg	1081466	2017-01-26 15:17:46.831763	67	2017-01-26 15:17:48.854593	2017-01-26 15:17:48.854593
872	3_(2)4.jpg	image/jpeg	1082542	2017-01-26 15:17:48.867337	67	2017-01-26 15:17:50.896849	2017-01-26 15:17:50.896849
873	2_(2).jpg	image/jpeg	1091018	2017-01-26 15:17:50.913883	67	2017-01-26 15:17:53.027685	2017-01-26 15:17:53.027685
874	2.jpg	image/jpeg	1256429	2017-01-26 15:17:53.043563	67	2017-01-26 15:17:55.121687	2017-01-26 15:17:55.121687
875	1.jpg	image/jpeg	1166309	2017-01-26 15:17:55.137691	68	2017-01-26 15:17:57.22882	2017-01-26 15:17:57.22882
876	IMGL22841.jpg	image/jpeg	1026425	2017-01-26 15:17:57.241445	68	2017-01-26 15:17:59.249586	2017-01-26 15:17:59.249586
877	IMGL22852.jpg	image/jpeg	1069578	2017-01-26 15:17:59.263106	68	2017-01-26 15:18:01.331168	2017-01-26 15:18:01.331168
878	IMGL22913.jpg	image/jpeg	1104504	2017-01-26 15:18:01.345293	68	2017-01-26 15:18:03.387107	2017-01-26 15:18:03.387107
879	1.jpg	image/jpeg	2445928	2017-01-26 15:18:03.403662	69	2017-01-26 15:18:05.678221	2017-01-26 15:18:05.678221
880	IMGL1089_14.jpg	image/jpeg	2249289	2017-01-26 15:18:05.693309	69	2017-01-26 15:18:07.886593	2017-01-26 15:18:07.886593
881	IMGL1086_13.jpg	image/jpeg	1941901	2017-01-26 15:18:07.901653	69	2017-01-26 15:18:10.245884	2017-01-26 15:18:10.245884
882	IMGL1080_11.jpg	image/jpeg	2313188	2017-01-26 15:18:10.263956	69	2017-01-26 15:18:12.671511	2017-01-26 15:18:12.671511
883	IMGL1085_12.jpg	image/jpeg	1823092	2017-01-26 15:18:12.686595	69	2017-01-26 15:18:14.878942	2017-01-26 15:18:14.878942
884	1.jpg	image/jpeg	1821384	2017-01-26 15:18:14.895604	70	2017-01-26 15:18:17.064662	2017-01-26 15:18:17.064662
885	IMGL10535.jpg	image/jpeg	1682233	2017-01-26 15:18:17.079687	70	2017-01-26 15:18:19.360985	2017-01-26 15:18:19.360985
886	IMGL10342.jpg	image/jpeg	1474472	2017-01-26 15:18:19.376378	70	2017-01-26 15:18:21.60251	2017-01-26 15:18:21.60251
887	IMGL10321.jpg	image/jpeg	1323983	2017-01-26 15:18:21.617521	70	2017-01-26 15:18:23.702534	2017-01-26 15:18:23.702534
888	IMGL10353.jpg	image/jpeg	1226630	2017-01-26 15:18:23.716618	70	2017-01-26 15:18:25.858437	2017-01-26 15:18:25.858437
889	1.jpg	image/jpeg	1182282	2017-01-26 15:18:25.873991	71	2017-01-26 15:18:27.938315	2017-01-26 15:18:27.938315
890	4.jpg	image/jpeg	1001389	2017-01-26 15:18:27.951859	71	2017-01-26 15:18:30.017914	2017-01-26 15:18:30.017914
891	3.jpg	image/jpeg	1159021	2017-01-26 15:18:30.035114	71	2017-01-26 15:18:32.198213	2017-01-26 15:18:32.198213
892	2.jpg	image/jpeg	996004	2017-01-26 15:18:32.212745	71	2017-01-26 15:18:34.229592	2017-01-26 15:18:34.229592
893	1.jpg	image/jpeg	1290222	2017-01-26 15:18:34.246132	72	2017-01-26 15:18:36.389573	2017-01-26 15:18:36.389573
894	IMGL23482.jpg	image/jpeg	1072009	2017-01-26 15:18:36.402752	72	2017-01-26 15:18:38.471663	2017-01-26 15:18:38.471663
895	IMGL23524.jpg	image/jpeg	1056318	2017-01-26 15:18:38.486734	72	2017-01-26 15:18:40.529656	2017-01-26 15:18:40.529656
896	IMGL23493.jpg	image/jpeg	1115655	2017-01-26 15:18:40.545127	72	2017-01-26 15:18:42.774808	2017-01-26 15:18:42.774808
897	IMGL23451.jpg	image/jpeg	1107071	2017-01-26 15:18:42.78884	72	2017-01-26 15:18:44.882371	2017-01-26 15:18:44.882371
898	1.jpg	image/jpeg	1339705	2017-01-26 15:18:44.897725	73	2017-01-26 15:18:46.974166	2017-01-26 15:18:46.974166
899	IMGL24091.jpg	image/jpeg	1148946	2017-01-26 15:18:46.98855	73	2017-01-26 15:18:49.031864	2017-01-26 15:18:49.031864
900	IMGL24112.jpg	image/jpeg	1030515	2017-01-26 15:18:49.045799	73	2017-01-26 15:18:51.175881	2017-01-26 15:18:51.175881
901	IMGL24194.jpg	image/jpeg	1167353	2017-01-26 15:18:51.18958	73	2017-01-26 15:18:53.386394	2017-01-26 15:18:53.386394
902	IMGL24133.jpg	image/jpeg	930022	2017-01-26 15:18:53.400726	73	2017-01-26 15:18:55.478313	2017-01-26 15:18:55.478313
903	1.jpg	image/jpeg	1003158	2017-01-26 15:18:55.493451	74	2017-01-26 15:18:57.581873	2017-01-26 15:18:57.581873
904	IMGL27323.jpg	image/jpeg	1380662	2017-01-26 15:18:57.595886	74	2017-01-26 15:18:59.768341	2017-01-26 15:18:59.768341
905	IMGL27312.jpg	image/jpeg	1264342	2017-01-26 15:18:59.782677	74	2017-01-26 15:19:01.897798	2017-01-26 15:19:01.897798
906	IMGL27345.jpg	image/jpeg	1241803	2017-01-26 15:19:01.911219	74	2017-01-26 15:19:04.01056	2017-01-26 15:19:04.01056
907	IMGL27334.jpg	image/jpeg	1308383	2017-01-26 15:19:04.02453	74	2017-01-26 15:19:06.160436	2017-01-26 15:19:06.160436
908	IMGL26532.jpg	image/jpeg	1287509	2017-01-26 15:19:06.175145	75	2017-01-26 15:19:08.297135	2017-01-26 15:19:08.297135
909	1.jpg	image/jpeg	1026926	2017-01-26 15:19:08.311142	75	2017-01-26 15:19:10.409331	2017-01-26 15:19:10.409331
910	IMGL26564.jpg	image/jpeg	1249816	2017-01-26 15:19:10.423282	75	2017-01-26 15:19:12.553021	2017-01-26 15:19:12.553021
911	IMGL26585.jpg	image/jpeg	1192899	2017-01-26 15:19:12.566994	75	2017-01-26 15:19:14.705175	2017-01-26 15:19:14.705175
912	IMGL26553.jpg	image/jpeg	1191119	2017-01-26 15:19:14.720649	75	2017-01-26 15:19:16.794382	2017-01-26 15:19:16.794382
913	IMGL2918_14.jpg	image/jpeg	1122900	2017-01-26 15:19:16.810911	76	2017-01-26 15:19:18.894355	2017-01-26 15:19:18.894355
914	1.jpg	image/jpeg	1053464	2017-01-26 15:19:18.907727	76	2017-01-26 15:19:21.018214	2017-01-26 15:19:21.018214
915	IMGL2916_12.jpg	image/jpeg	1086973	2017-01-26 15:19:21.030661	76	2017-01-26 15:19:23.334517	2017-01-26 15:19:23.334517
916	IMGL2917_13.jpg	image/jpeg	1142748	2017-01-26 15:19:23.346328	76	2017-01-26 15:19:25.432725	2017-01-26 15:19:25.432725
917	IMGL2919_15.jpg	image/jpeg	1089229	2017-01-26 15:19:25.445615	76	2017-01-26 15:19:27.685128	2017-01-26 15:19:27.685128
918	IMGL28843.jpg	image/jpeg	1187272	2017-01-26 15:19:27.699073	77	2017-01-26 15:19:29.880651	2017-01-26 15:19:29.880651
919	1.jpg	image/jpeg	1097395	2017-01-26 15:19:29.892478	77	2017-01-26 15:19:32.047791	2017-01-26 15:19:32.047791
920	IMGL28854.jpg	image/jpeg	1203960	2017-01-26 15:19:32.062036	77	2017-01-26 15:19:34.133392	2017-01-26 15:19:34.133392
921	IMGL28832.jpg	image/jpeg	1223082	2017-01-26 15:19:34.14758	77	2017-01-26 15:19:36.240779	2017-01-26 15:19:36.240779
922	1.jpg	image/jpeg	2472167	2017-01-26 15:19:36.257537	78	2017-01-26 15:19:41.251851	2017-01-26 15:19:41.251851
923	IMGL25595.jpg	image/jpeg	1171584	2017-01-26 15:19:41.266668	78	2017-01-26 15:19:43.524551	2017-01-26 15:19:43.524551
924	IMGL25584.jpg	image/jpeg	1215858	2017-01-26 15:19:43.537921	78	2017-01-26 15:19:45.756551	2017-01-26 15:19:45.756551
925	IMGL2555.jpg	image/jpeg	3998793	2017-01-26 15:19:45.77631	78	2017-01-26 15:19:54.322697	2017-01-26 15:19:54.322697
926	IMGL25563.jpg	image/jpeg	1198923	2017-01-26 15:19:54.337049	78	2017-01-26 15:19:56.720364	2017-01-26 15:19:56.720364
927	11.jpg	image/jpeg	1016574	2017-01-26 15:19:56.735263	79	2017-01-26 15:19:58.769016	2017-01-26 15:19:58.769016
928	IMGL27033.jpg	image/jpeg	1101363	2017-01-26 15:19:58.78279	79	2017-01-26 15:20:00.857172	2017-01-26 15:20:00.857172
929	IMGL27044.jpg	image/jpeg	1115837	2017-01-26 15:20:00.87351	79	2017-01-26 15:20:03.211717	2017-01-26 15:20:03.211717
930	IMGL27022.jpg	image/jpeg	1107360	2017-01-26 15:20:03.228734	79	2017-01-26 15:20:05.506292	2017-01-26 15:20:05.506292
931	IMGL27065.jpg	image/jpeg	1053675	2017-01-26 15:20:05.521814	79	2017-01-26 15:20:07.627731	2017-01-26 15:20:07.627731
932	11.jpg	image/jpeg	1240750	2017-01-26 15:20:07.642187	80	2017-01-26 15:20:09.796384	2017-01-26 15:20:09.796384
933	IMGL26164.jpg	image/jpeg	1654957	2017-01-26 15:20:09.814173	80	2017-01-26 15:20:12.188477	2017-01-26 15:20:12.188477
934	IMGL26215.jpg	image/jpeg	1874149	2017-01-26 15:20:12.207119	80	2017-01-26 15:20:14.552643	2017-01-26 15:20:14.552643
935	IMGL26153.jpg	image/jpeg	1698344	2017-01-26 15:20:14.567494	80	2017-01-26 15:20:16.826099	2017-01-26 15:20:16.826099
936	IMGL26142.jpg	image/jpeg	1850769	2017-01-26 15:20:16.843434	80	2017-01-26 15:20:19.149693	2017-01-26 15:20:19.149693
937	IMGL29732.jpg	image/jpeg	1684123	2017-01-26 15:20:19.166762	81	2017-01-26 15:20:21.471019	2017-01-26 15:20:21.471019
938	IMGL29764.jpg	image/jpeg	1529514	2017-01-26 15:20:21.48841	81	2017-01-26 15:20:23.811733	2017-01-26 15:20:23.811733
939	11.jpg	image/jpeg	1202629	2017-01-26 15:20:23.848532	81	2017-01-26 15:20:25.965298	2017-01-26 15:20:25.965298
940	IMGL29753.jpg	image/jpeg	1668471	2017-01-26 15:20:25.9806	81	2017-01-26 15:20:28.333433	2017-01-26 15:20:28.333433
941	IMGL29775.jpg	image/jpeg	1735577	2017-01-26 15:20:28.355702	81	2017-01-26 15:20:30.700381	2017-01-26 15:20:30.700381
942	11.jpg	image/jpeg	1063764	2017-01-26 15:20:30.715367	82	2017-01-26 15:20:32.912268	2017-01-26 15:20:32.912268
943	22.jpg	image/jpeg	1376433	2017-01-26 15:20:32.926319	82	2017-01-26 15:20:35.224185	2017-01-26 15:20:35.224185
944	55.jpg	image/jpeg	1419915	2017-01-26 15:20:35.270087	82	2017-01-26 15:20:37.429551	2017-01-26 15:20:37.429551
945	44.jpg	image/jpeg	1391020	2017-01-26 15:20:37.450706	82	2017-01-26 15:20:39.593669	2017-01-26 15:20:39.593669
946	33.jpg	image/jpeg	1429692	2017-01-26 15:20:39.607716	82	2017-01-26 15:20:41.850264	2017-01-26 15:20:41.850264
947	11.jpg	image/jpeg	1083266	2017-01-26 15:20:41.865837	83	2017-01-26 15:20:44.159447	2017-01-26 15:20:44.159447
948	IMGL29014.jpg	image/jpeg	1109604	2017-01-26 15:20:44.174597	83	2017-01-26 15:20:46.292542	2017-01-26 15:20:46.292542
949	IMGL28993.jpg	image/jpeg	1101267	2017-01-26 15:20:46.307754	83	2017-01-26 15:20:48.490317	2017-01-26 15:20:48.490317
950	IMGL28952.jpg	image/jpeg	1380766	2017-01-26 15:20:48.509609	83	2017-01-26 15:20:50.73997	2017-01-26 15:20:50.73997
951	1.jpg	image/jpeg	1036886	2017-01-26 15:20:50.755563	84	2017-01-26 15:20:52.905392	2017-01-26 15:20:52.905392
952	IMGL18393.jpg	image/jpeg	1087957	2017-01-26 15:20:52.921402	84	2017-01-26 15:20:55.362421	2017-01-26 15:20:55.362421
953	IMGL18468.jpg	image/jpeg	1269972	2017-01-26 15:20:55.378379	84	2017-01-26 15:20:57.481727	2017-01-26 15:20:57.481727
954	IMGL1845(1)6.jpg	image/jpeg	1225738	2017-01-26 15:20:57.496147	84	2017-01-26 15:20:59.711622	2017-01-26 15:20:59.711622
955	IMGL18435.jpg	image/jpeg	1091100	2017-01-26 15:20:59.726516	84	2017-01-26 15:21:01.840494	2017-01-26 15:21:01.840494
956	IMGL2905_(1)4.jpg	image/jpeg	1042880	2017-01-26 15:21:01.863784	85	2017-01-26 15:21:03.930276	2017-01-26 15:21:03.930276
957	IMGL2903_(1)2.jpg	image/jpeg	1003921	2017-01-26 15:21:03.944756	85	2017-01-26 15:21:06.153438	2017-01-26 15:21:06.153438
958	11.jpg	image/jpeg	3464350	2017-01-26 15:21:06.171303	85	2017-01-26 15:21:13.226619	2017-01-26 15:21:13.226619
959	IMGL2904_(1)3.jpg	image/jpeg	1082376	2017-01-26 15:21:13.240431	85	2017-01-26 15:21:15.519685	2017-01-26 15:21:15.519685
960	IMGL2906_(1)5.jpg	image/jpeg	1011769	2017-01-26 15:21:15.534138	85	2017-01-26 15:21:17.616093	2017-01-26 15:21:17.616093
961	IMGL2910_(2)3.jpg	image/jpeg	1221454	2017-01-26 15:21:17.632515	86	2017-01-26 15:21:19.931557	2017-01-26 15:21:19.931557
962	1.jpg	image/jpeg	1139147	2017-01-26 15:21:19.946677	86	2017-01-26 15:21:22.199753	2017-01-26 15:21:22.199753
963	IMGL2909_(2)2.jpg	image/jpeg	1263499	2017-01-26 15:21:22.217085	86	2017-01-26 15:21:24.432914	2017-01-26 15:21:24.432914
964	IMGL2912_(2)4.jpg	image/jpeg	1286837	2017-01-26 15:21:24.446748	86	2017-01-26 15:21:26.572264	2017-01-26 15:21:26.572264
965	IMGL2913_(2)5.jpg	image/jpeg	1265622	2017-01-26 15:21:26.589922	86	2017-01-26 15:21:28.780154	2017-01-26 15:21:28.780154
966	IMGL2918_14.jpg	image/jpeg	1122909	2017-01-26 15:21:28.795035	87	2017-01-26 15:21:31.038152	2017-01-26 15:21:31.038152
967	IMGL2916_12.jpg	image/jpeg	1086973	2017-01-26 15:21:31.052152	87	2017-01-26 15:21:33.285717	2017-01-26 15:21:33.285717
968	11.jpg	image/jpeg	1053464	2017-01-26 15:21:33.300144	87	2017-01-26 15:21:35.442017	2017-01-26 15:21:35.442017
969	IMGL2917_13.jpg	image/jpeg	1142748	2017-01-26 15:21:35.456528	87	2017-01-26 15:21:37.578264	2017-01-26 15:21:37.578264
970	IMGL2919_15.jpg	image/jpeg	1089229	2017-01-26 15:21:37.590523	87	2017-01-26 15:21:39.654353	2017-01-26 15:21:39.654353
971	IMGL27672.jpg	image/jpeg	1157460	2017-01-26 15:21:39.667737	88	2017-01-26 15:21:41.736269	2017-01-26 15:21:41.736269
972	IMGL27704.jpg	image/jpeg	1176577	2017-01-26 15:21:41.747854	88	2017-01-26 15:21:43.818192	2017-01-26 15:21:43.818192
973	11.jpg	image/jpeg	1032161	2017-01-26 15:21:43.829607	88	2017-01-26 15:21:45.858218	2017-01-26 15:21:45.858218
974	IMGL27715.jpg	image/jpeg	1128066	2017-01-26 15:21:45.8802	88	2017-01-26 15:21:47.985775	2017-01-26 15:21:47.985775
975	IMGL27693.jpg	image/jpeg	1125205	2017-01-26 15:21:48.001008	88	2017-01-26 15:21:50.240795	2017-01-26 15:21:50.240795
976	1.jpg	image/jpeg	6498434	2017-01-26 15:21:50.262214	89	2017-01-26 15:21:59.052119	2017-01-26 15:21:59.052119
977	IMGL26835.jpg	image/jpeg	1265282	2017-01-26 15:21:59.068585	89	2017-01-26 15:22:01.488846	2017-01-26 15:22:01.488846
978	IMGL26802.jpg	image/jpeg	1177620	2017-01-26 15:22:01.506022	89	2017-01-26 15:22:03.7012	2017-01-26 15:22:03.7012
979	IMGL26824.jpg	image/jpeg	1181118	2017-01-26 15:22:03.714962	89	2017-01-26 15:22:05.810859	2017-01-26 15:22:05.810859
980	IMGL26813.jpg	image/jpeg	1216800	2017-01-26 15:22:05.82386	89	2017-01-26 15:22:07.935238	2017-01-26 15:22:07.935238
981	IMGL25882.jpg	image/jpeg	1456270	2017-01-26 15:22:07.95125	90	2017-01-26 15:22:10.162226	2017-01-26 15:22:10.162226
982	IMGL25944.jpg	image/jpeg	1387473	2017-01-26 15:22:10.175556	90	2017-01-26 15:22:12.364156	2017-01-26 15:22:12.364156
983	11.jpg	image/jpeg	1112981	2017-01-26 15:22:12.379113	90	2017-01-26 15:22:14.415035	2017-01-26 15:22:14.415035
984	IMGL25923.jpg	image/jpeg	1444767	2017-01-26 15:22:14.429186	90	2017-01-26 15:22:16.582988	2017-01-26 15:22:16.582988
985	IMGL26253.jpg	image/jpeg	1382352	2017-01-26 15:22:16.598073	90	2017-01-26 15:22:18.777115	2017-01-26 15:22:18.777115
986	IMGL26242.jpg	image/jpeg	1556668	2017-01-26 15:22:18.790773	90	2017-01-26 15:22:21.010067	2017-01-26 15:22:21.010067
987	11.jpg	image/jpeg	1234473	2017-01-26 15:22:21.025451	90	2017-01-26 15:22:23.353127	2017-01-26 15:22:23.353127
988	IMGL26274.jpg	image/jpeg	1676069	2017-01-26 15:22:23.371067	90	2017-01-26 15:22:25.556621	2017-01-26 15:22:25.556621
989	IMGL25683.jpg	image/jpeg	1256572	2017-01-26 15:22:25.572421	92	2017-01-26 15:22:27.710534	2017-01-26 15:22:27.710534
990	1.jpg	image/jpeg	1104132	2017-01-26 15:22:27.72374	92	2017-01-26 15:22:29.775849	2017-01-26 15:22:29.775849
991	IMGL25652.jpg	image/jpeg	1248573	2017-01-26 15:22:29.789685	92	2017-01-26 15:22:31.935739	2017-01-26 15:22:31.935739
992	IMGL25725.jpg	image/jpeg	1209530	2017-01-26 15:22:31.949512	92	2017-01-26 15:22:34.089515	2017-01-26 15:22:34.089515
993	IMGL25704.jpg	image/jpeg	1274720	2017-01-26 15:22:34.103303	92	2017-01-26 15:22:36.253869	2017-01-26 15:22:36.253869
994	IMGL19305.jpg	image/jpeg	1189768	2017-01-26 15:22:36.269375	93	2017-01-26 15:22:38.396349	2017-01-26 15:22:38.396349
995	1.jpg	image/jpeg	976789	2017-01-26 15:22:38.410941	93	2017-01-26 15:22:40.004144	2017-01-26 15:22:40.004144
996	IMGL19242.jpg	image/jpeg	1377446	2017-01-26 15:22:40.017737	93	2017-01-26 15:22:42.204929	2017-01-26 15:22:42.204929
997	IMGL19274.jpg	image/jpeg	1161117	2017-01-26 15:22:42.21841	93	2017-01-26 15:22:44.293882	2017-01-26 15:22:44.293882
998	IMGL19253.jpg	image/jpeg	1129367	2017-01-26 15:22:44.307468	93	2017-01-26 15:22:46.367534	2017-01-26 15:22:46.367534
999	IMGL19653.jpg	image/jpeg	1394418	2017-01-26 15:22:46.382542	93	2017-01-26 15:22:48.485815	2017-01-26 15:22:48.485815
1000	IMGL19664.jpg	image/jpeg	1490687	2017-01-26 15:22:48.499634	93	2017-01-26 15:22:50.724401	2017-01-26 15:22:50.724401
1001	1.jpg	image/jpeg	1366659	2017-01-26 15:22:50.739077	93	2017-01-26 15:22:52.845444	2017-01-26 15:22:52.845444
1002	IMGL19622.jpg	image/jpeg	1366349	2017-01-26 15:22:52.859756	93	2017-01-26 15:22:55.007779	2017-01-26 15:22:55.007779
1003	IMGL19705.jpg	image/jpeg	1340640	2017-01-26 15:22:55.022286	93	2017-01-26 15:22:57.128679	2017-01-26 15:22:57.128679
760	1.jpg	image/jpeg	1013667	2017-01-30 12:02:38.150321	45	2017-01-26 15:13:40.553779	2017-01-30 12:02:49.516529
761	IMGL1187_1.jpg	image/jpeg	1052674	2017-01-30 12:02:40.453057	45	2017-01-26 15:13:42.674944	2017-01-30 12:02:49.529858
762	IMGL1190_1.jpg	image/jpeg	924602	2017-01-30 12:02:42.672001	45	2017-01-26 15:13:44.603486	2017-01-30 12:02:49.539675
763	IMGL1193_1.jpg	image/jpeg	993930	2017-01-30 12:02:44.849742	45	2017-01-26 15:13:46.490938	2017-01-30 12:02:49.548295
764	IMGL1196_1.jpg	image/jpeg	933809	2017-01-30 12:02:47.1459	45	2017-01-26 15:13:48.586144	2017-01-30 12:02:49.558546
1004	\N	\N	\N	\N	45	2017-01-30 12:02:49.572766	2017-01-30 12:02:49.572766
\.


--
-- Name: product_galleries_id_seq; Type: SEQUENCE SET; Schema: public; Owner: postgres
--

SELECT pg_catalog.setval('product_galleries_id_seq', 1004, true);


--
-- Data for Name: productcolors; Type: TABLE DATA; Schema: public; Owner: postgres
--

COPY productcolors (id, name, created_at, updated_at, product_id) FROM stdin;
2	#ffffff	2017-01-19 15:05:30.4804	2017-01-19 15:06:59.763822	4
1	#000000	2017-01-19 15:05:14.306424	2017-01-19 15:06:59.766309	4
3	#e0115f	2017-01-19 15:07:16.370555	2017-01-19 15:07:16.370555	3
\.


--
-- Name: productcolors_id_seq; Type: SEQUENCE SET; Schema: public; Owner: postgres
--

SELECT pg_catalog.setval('productcolors_id_seq', 3, true);


--
-- Data for Name: productdiscounts; Type: TABLE DATA; Schema: public; Owner: postgres
--

COPY productdiscounts (id, created_at, updated_at) FROM stdin;
\.


--
-- Name: productdiscounts_id_seq; Type: SEQUENCE SET; Schema: public; Owner: postgres
--

SELECT pg_catalog.setval('productdiscounts_id_seq', 1, false);


--
-- Data for Name: products; Type: TABLE DATA; Schema: public; Owner: postgres
--

COPY products (id, name, description, price, created_at, updated_at, feature, new_arrival, image_file_name, image_content_type, image_file_size, image_updated_at, washing_description, popularity, latest_arrival, fabric, colortotext, slug, discount, original_price, sku) FROM stdin;
6	Batwing Sleeve Top	Our batwing sleeves top scores a wardrobe win. Complement the ensemble with a pair of dangling earrings to emanate your effortless elan. Add a grace to your day with this chic style and comfort rolled into one.\r\n\r\n1. Batwing Sleeves\r\n\r\n2. Lightweight Crepe Fabric with Glossy Finish\r\n\r\n3. Easy Fit\r\n\r\n4. Keyhole Back	1399.0	2017-01-24 12:51:35.748364	2017-02-13 14:27:50.754884	f	f	tops.png	image/png	108834	2017-01-28 14:29:20.601085	About Fabric: \r\nPolyester is a shrink and water stain resistant synthetic fiber.  It is gaining popularity over other fibers due to its high durability and ease of maintenance. \r\n\r\nHow to wash: \r\nMachine-wash in warm water with all-purpose detergent. \r\n\r\nTip: \r\nSome synthetic fabrics produce static and may permanently wrinkle in a hot dryer, so dry on low. You can use fabric softener to curb static. Do not use bleach.	\N	f	Polyester	Ruby Pink	batwing-sleeve-top	\N	\N	FT02
7	Linen Shirt	This cotton linen shirt is the perfect fit for your cosy day-out. Beat the blues adding this lovely soft pink shirt to your all day all time section. \r\n\r\n1. Soft Cotton Linen Blend \r\n\r\n2. Lined Inner Placket, Collar and Cuffs\r\n\r\n3. Roll Up Sleeves	1699.0	2017-01-24 12:51:35.764946	2017-02-13 14:27:50.759199	f	f	tops.png	image/png	108834	2017-01-28 14:29:20.907579	About Fabric: \r\nCotton is derived fromt the fluffy parts of the cotton plant.  Linen is woven from fibers of the flax plant. This natural fabric may have a tendency to shrink during the first few washes, therefore the fabric of all our cotton linen garments is pre-shrunk before construction.\r\n\r\nHow to Wash: \r\nMachine-wash in cold or warm with all-purpose detergent.\r\n\r\nTip: \r\nWash seperate colors. For best results, turn your machine to warm tumble dry after washing the garment. Liquid or home made Fabric softener can also be used. Sun may cause dark colors to fade off and light colors to yellow, therefore it is recommended to line-dry cottons in shade.	\N	f	Cotton Linen	Ash Rose Pink	linen-shirt	\N	\N	FT03
8	Flute Sleeve Top	A perfect fit for your day out! Featured with added volume at the sleeves, this flute sleeves top is the modest update to your casual wardrobe. We would love to pair our top with a pair of wet leggings and pointed heels.1. Flute Sleeves\n2. Easy Fit\n3. Light stretch fabric\n4. Slip on over	1399.0	2017-01-24 12:51:35.783689	2017-02-13 14:27:50.763804	\N	\N	tops.png	image/png	108834	2017-01-28 14:29:21.474554	About Fabric: Polyester is a shrink and water stain resistant synthetic fiber.  It is gaining popularity over other fibers due to its high durability and ease of maintenance. \n\nHow to wash: Machine-wash in warm water with all-purpose detergent. \n\nTip: Some synthetic fabrics produce static and may permanently wrinkle in a hot dryer, so dry on low. You can use fabric softener to curb static. Do not use bleach.	\N	\N	Polyester	Carnation Pink	flute-sleeve-top	\N	\N	FT04.1
9	Flute Sleeve Top	A perfect fit for your day out! Featured with added volume at the sleeves, this flute sleeves top is the modest update to your casual wardrobe. We would love to pair our top with a pair of wet leggings and pointed heels.1. Flute Sleeves\n2. Easy Fit\n3. Light stretch fabric\n4. Slip on over	1399.0	2017-01-24 12:51:35.799703	2017-02-13 14:27:50.769111	\N	\N	size-chart-tops.png	image/png	45411	2017-01-28 12:38:15.916278	About Fabric: Polyester is a shrink and water stain resistant synthetic fiber.  It is gaining popularity over other fibers due to its high durability and ease of maintenance. \n\nHow to wash: Machine-wash in warm water with all-purpose detergent. \n\nTip: Some synthetic fabrics produce static and may permanently wrinkle in a hot dryer, so dry on low. You can use fabric softener to curb static. Do not use bleach.	\N	\N	\N	\N	flute-sleeve-top-8f4646e4-4ffc-4f85-a3a7-bb43d7236422	\N	\N	FT04.2
10	Ruff Collar Top	Pick this sleeveless top with the romantic victorian age inspired ruff collar for your perfect evening.\nWear this with a skirt and add the complete the look with your statement earrings.1. Ruff Collar\n2. Front Open with Hook Closure\n3. Lightweight Fabric	1199.0	2017-01-24 12:51:35.815894	2017-02-13 14:27:50.779448	\N	\N	tops.png	image/png	108834	2017-01-28 14:29:22.058705	About Fabric: Created from wood pulp treated with chemicals, cool and comfortable rayon is considered a semisynthetic fabric. \n\nHow to wash: Dry-clean or hand-wash in cold water with mild detergent.  Do not machine wash or tumble dry. Air-dry or lay flat to dry when soaking wet.\n\nTip: Since Rayon is a delicate fabric, it must be ironed inside out when slightly damp, on low to medium heat setting.	\N	\N	Rayon	Kohl Black	ruff-collar-top	\N	\N	FT07.2
12	Jacket Style Overlap Top	This fashionably sophisticated top accentuated with a front overlap detail adds the perfect balance to your workday outfit. Team it up with your slim trousers and flats.1. Overlap Front\n2. Round Neck\n3. Keyhole Back\n4. Easy Fit	1699.0	2017-01-24 12:51:35.867995	2017-02-13 14:27:50.784234	\N	\N	tops.png	image/png	108834	2017-01-28 14:29:22.321351	About Fabric: Polyester is a shrink and water stain resistant synthetic fiber.  It is gaining popularity over other fibers due to its high durability and ease of maintenance. \n\nHow to wash: Machine-wash in warm water with all-purpose detergent. \n\nTip: Some synthetic fabrics produce static and may permanently wrinkle in a hot dryer, so dry on low. You can use fabric softener to curb static. Do not use bleach.	\N	\N	Polyester	Midnight Blue	jacket-style-overlap-top	\N	\N	FT08
14	Peach Top with Wide Placket	Spice up your look with this simple yet exquisite top, and put your fashionable face forward for the next evening out. Team it up with your pair of jeggings and high heels for a sassy look.1. Wide Concealed Placket\n2. Inverted Pleat Back\n3. Front Open\n4. Easy Fit\n5. Flowy Crepe Fabric	1199.0	2017-01-24 12:51:35.902449	2017-02-13 14:27:50.795418	\N	\N	tops.png	image/png	108834	2017-01-28 14:29:23.020226	About Fabric: Polyester is a shrink and water stain resistant synthetic fiber.  It is gaining popularity over other fibers due to its high durability and ease of maintenance. \n\nHow to wash: Machine-wash in warm water with all-purpose detergent. \n\nTip: Some synthetic fabrics produce static and may permanently wrinkle in a hot dryer, so dry on low. You can use fabric softener to curb static. Do not use bleach.	\N	\N	Polyester	Peach	peach-top-with-wide-placket	\N	\N	FT10
15	Tiered Top with Split Back	Simplicity and elegance work best together. This tiered top is a hit on our trend-o- meter and a staple for your up-to- the-minute style.1. Two Tier Design\n2. Split Panels Overlaying at Back\n3. Concealed Back Zip Closure\n4. Easy Fit\n5. Light Stretch Fabric\n	1299.0	2017-01-24 12:51:35.91909	2017-02-13 14:27:50.80046	\N	\N	tops.png	image/png	108834	2017-01-28 14:29:23.350254	About Fabric: Polyester is a shrink and water stain resistant synthetic fiber.  It is gaining popularity over other fibers due to its high durability and ease of maintenance. \n\nHow to wash: Machine-wash in warm water with all-purpose detergent. \n\nTip: Some synthetic fabrics produce static and may permanently wrinkle in a hot dryer, so dry on low. You can use fabric softener to curb static. Do not use bleach.	\N	\N	Polyester	Carnation Pink	tiered-top-with-split-back	\N	\N	FT11
16	Tiered Net Sleeve Top	This classy tiered-sleeve top from BuClos makes for a casual yet sassy look. Pick it for a work day or a casual evening out, and style it with pair of slim pants and flats.1. Two Tier Net Sleeves\n2. Gold Back Zip Closure\n3. Light Stretch Fabric\n4. Round Neck	1299.0	2017-01-24 12:51:35.934676	2017-02-13 14:27:50.804487	\N	\N	tops.png	image/png	108834	2017-01-28 14:29:23.703392	About Fabric: Polyester is a shrink and water stain resistant synthetic fiber.  It is gaining popularity over other fibers due to its high durability and ease of maintenance. \n\nHow to wash: Machine-wash in warm water with all-purpose detergent. \n\nTip: Some synthetic fabrics produce static and may permanently wrinkle in a hot dryer, so dry on low. You can use fabric softener to curb static. Do not use bleach.	\N	\N	Polyester	Icy White	tiered-net-sleeve-top	\N	\N	FT12
17	Asymmetric Peplum Top	Peplums come with a promise of never going out of style. Designed to meet the perfection of simplicity this classy top will look great when teamed with ripped pair of denims or hot pants and kitten heels .1. Peplum Top\n2. Asymmetric Front Fold\n3. Light Georgette Fabric\n4. Lined Body\n5. Concealed Back Zip Closure	1099.0	2017-01-24 12:51:35.950151	2017-02-13 14:27:50.808113	\N	\N	tops.png	image/png	108834	2017-01-28 14:29:24.016109	About Fabric: Polyester is a shrink and water stain resistant synthetic fiber.  It is gaining popularity over other fibers due to its high durability and ease of maintenance. \n\nHow to wash: Machine-wash in warm water with all-purpose detergent. \n\nTip: Some synthetic fabrics produce static and may permanently wrinkle in a hot dryer, so dry on low. You can use fabric softener to curb static. Do not use bleach.	\N	\N	Polyester	Powder Blue	asymmetric-peplum-top	\N	\N	FT13
18	Jacket Style Collar Top	You can never go wrong when it comes to classics. The eye catching features of this piece - the exaggerated collar and cuffs - take you back to the vibrant yet classic lanes. Style it with your slim pants and block heels and slay your day.1. Front Overlap\n2. Exaggerated Collar\n3. Light Textured Fabric\n4. Jacket Style	1699.0	2017-01-24 12:51:35.966459	2017-02-13 14:27:50.811587	\N	\N	tops.png	image/png	108834	2017-01-28 14:29:24.322033	About Fabric: Polyester is a shrink and water stain resistant synthetic fiber.  It is gaining popularity over other fibers due to its high durability and ease of maintenance. \n\nHow to wash: Machine-wash in warm water with all-purpose detergent. \n\nTip: Some synthetic fabrics produce static and may permanently wrinkle in a hot dryer, so dry on low. You can use fabric softener to curb static. Do not use bleach.	\N	\N	Polyester	Soft Peach	jacket-style-collar-top	\N	\N	FT14
19	Peter Pan Collar Top	Button it down the peter pan style; make it your workday uniform tucking it in your pair of lowers or take it ahead for the lovely evening with a sharp pencil skirt. A promissory versatile top.1. Lightweight Fabric\n2. Contrast White Net Peter Pan Collar\n3. Front Button Closure	1199.0	2017-01-24 12:51:35.982029	2017-02-13 14:27:50.815001	\N	\N	tops.png	image/png	108834	2017-01-28 14:29:24.601766	About Fabric: Created from wood pulp treated with chemicals, cool and comfortable rayon is considered a semisynthetic fabric. \n\nHow to wash: Dry-clean or hand-wash in cold water with mild detergent.  Do not machine wash or tumble dry. Air-dry or lay flat to dry when soaking wet.\n\nTip: Since Rayon is a delicate fabric, it must be ironed inside out when slightly damp, on low to medium heat setting.	\N	\N	Rayon	Black and White	peter-pan-collar-top	\N	\N	FT15
41	Chambray Peplum Top	Basic greets trend with this stylishly casual chambray top.\r\nTeam it up with jeggings or a pair of shorts for an effortlessly chic look.\r\n1. Chambray Fabric\r\n2. Lightweight breathable\r\n3. Concealed back zip closure	1199.0	2017-01-24 12:51:36.477562	2017-02-13 14:27:50.918429	f	f	tops.png	image/png	108834	2017-01-28 14:29:31.182197	About Fabric: \r\nChambray is a lightweight cotton fabric that combines colored and white yarn.  Cotton is derived fromt the fluffy parts of the cotton plant. This natural fabric has a tendency to shrink during the first few washes, therefore the fabric of all our cotton garments is pre-shrunk before construction. \r\n\r\nHow to Wash: \r\nMachine wash in warm water with all-purpose detergent\r\n\r\nTip: \r\nWash seperate colors. For best results, turn your machine to warm tumble dry after washing the garment. Liquid or home made Fabric softener can also be used. Sun may cause dark colors to fade off and light colors to yellow, therefore it is recommended to line-dry cottons in shade.	\N	f	Chambray	Denim Blue	chambray-peplum-top	\N	\N	CT12
23	Collared Top with Metal Detail	Re-invent the glory of black. Appealing your class, this top is a perfect fit for a black tie event or an evening date. Tuck it in with a box pleated skirt or contrasting culottes for a complete look.1. Eyelet Chain Metal Detail on Collar\n2. Rounded Peter Pan Collar\n3. Back Gold Zip Closure\n4. Elastic Sleeve\n5. Light Stretch Fabric	1399.0	2017-01-24 12:51:36.053651	2017-02-13 14:27:50.829709	\N	\N	tops.png	image/png	108834	2017-01-28 14:29:25.678311	About Fabric: Polyester is a shrink and water stain resistant synthetic fiber.  It is gaining popularity over other fibers due to its high durability and ease of maintenance. \n\nHow to wash: Machine-wash in warm water with all-purpose detergent. \n\nTip: Some synthetic fabrics produce static and may permanently wrinkle in a hot dryer, so dry on low. You can use fabric softener to curb static. Do not use bleach.	\N	\N	Polyester	Kohl Black	collared-top-with-metal-detail	\N	\N	FT18
24	Square Neck Top	This square neck top gives a royal flip to the basics with the perky peach shade and V-Neck detailing at the back. Team it with a pearl necklace to gleam up your appearance.1. Deep Square Back Neck with \n2. V-Shaped detail at back\n3. Satin Fabric with Glossy finish\n4. Slip On Over	1799.0	2017-01-24 12:51:36.09841	2017-02-13 14:27:50.833676	\N	\N	tops.png	image/png	108834	2017-01-28 14:29:25.959192	About Fabric: Polyester is a shrink and water stain resistant synthetic fiber.  It is gaining popularity over other fibers due to its high durability and ease of maintenance. \n\nHow to wash: Machine-wash in warm water with all-purpose detergent. \n\nTip: Some synthetic fabrics produce static and may permanently wrinkle in a hot dryer, so dry on low. You can use fabric softener to curb static. Do not use bleach.	\N	\N	Polyester	Peach Puff	square-neck-top	\N	\N	FT19
25	Collared Peplum Top	Flirty, flattering, chic and stylish.. What more you need when its all summed into one! This peplum top with a flattering waistline makes your evening even more flawless when teamed with a sharp pencil skirt and platform heels.1. Empire Waistline\r\n2. Peplum Style with Front Overlap\r\n3. Light Stretch Fabric\r\n4. Concealed Side Zip Closure\r\n5. Overlapping Shawl Collar	1399.0	2017-01-24 12:51:36.1191	2017-02-13 14:27:50.837676	f	f	tops.png	image/png	108834	2017-01-28 14:29:26.26175	About Fabric: Polyester is a shrink and water stain resistant synthetic fiber.  It is gaining popularity over other fibers due to its high durability and ease of maintenance. \r\n\r\nHow to wash: Machine-wash in warm water with all-purpose detergent. \r\n\r\nTip: Some synthetic fabrics produce static and may permanently wrinkle in a hot dryer, so dry on low. You can use fabric softener to curb static. Do not use bleach.	\N	f	Polyester	Kohl Black	collared-peplum-top	\N	\N	FT20
26	Scalloped Top	Usher in the style trend with the scallop detail top. We love to wear it with ankle length denims and pair of boots.1. Scalloped Edges\n2. Light Stretch Fabric\n3. Fully Lined\n4. Back Gold Zip Closure	1399.0	2017-01-24 12:51:36.13616	2017-02-13 14:27:50.841102	\N	\N	tops.png	image/png	108834	2017-01-28 14:29:26.552214	About Fabric: Polyester is a shrink and water stain resistant synthetic fiber.  It is gaining popularity over other fibers due to its high durability and ease of maintenance. \n\nHow to wash: Machine-wash in warm water with all-purpose detergent. \n\nTip: Some synthetic fabrics produce static and may permanently wrinkle in a hot dryer, so dry on low. You can use fabric softener to curb static. Do not use bleach.	\N	\N	Polyester	Icy White	scalloped-top	\N	\N	FT21
29	V Neck Shirt	Step out in style because we are lending you an all day smart look. This v neck shirt is what we suggest a perfect fit to team up with culottes and pair of sneakers1. Collarless\n2. V-Neckline\n3. Premium Lightweight breathable fabric\n4. Front button closure	1299.0	2017-01-24 12:51:36.201871	2017-02-13 14:27:50.870275	\N	\N	tops.png	image/png	108834	2017-01-28 14:29:27.47318	About Fabric: Terry Rayon is a high quality fabric consisting of Rayon and Polyester Yarns.\n\nHow to wash: Wash like colors only. Dry-clean or hand-wash in cold water with mild detergent.  Do not machine wash or tumble dry. Air-dry or lay flat to dry when soaking wet.\n\nTip: Low to medium heat iron. Iron inside out when slightly damp.	\N	\N	Terry Rayon	Mustard	v-neck-shirt	\N	\N	FT24
27	Ruffled Top	Every new style is old. Ranging from the 90s this ruffle top with is perfect for a chic look at work. We love ours to be paired with a knee length skirt and a pair of ballerinas.1. Ruffled Front Opening with Hook closure\n2. Soft Satin Fabric with Glossy Finish\n3. Mandarin Collar\n4. String Neck Tie	1099.0	2017-01-24 12:51:36.154226	2017-02-13 14:27:50.866586	\N	\N	tops.png	image/png	108834	2017-01-28 14:29:27.194719	About Fabric: Polyester is a shrink and water stain resistant synthetic fiber.  It is gaining popularity over other fibers due to its high durability and ease of maintenance. \n\nHow to wash: Machine-wash in warm water with all-purpose detergent. \n\nTip: Some synthetic fabrics produce static and may permanently wrinkle in a hot dryer, so dry on low. You can use fabric softener to curb static. Do not use bleach.	\N	\N	Polyester	Burnt Sugar Brown  	ruffled-top	\N	\N	FT22.2
30	Pleated Neck Top	This top with pleated neck detail makes a perfect way for a radiant evening. Let the elegance speak loud and clear as you team it up teamed with pair of trousers and black heels1. Cross pleat detail on neckline\n2. Keyhole Back Closure\n3. Loose fit	1299.0	2017-01-24 12:51:36.218798	2017-02-13 14:27:50.87365	\N	\N	tops.png	image/png	108834	2017-01-28 14:29:27.790268	About Fabric: Polyester is a shrink and water stain resistant synthetic fiber.  It is gaining popularity over other fibers due to its high durability and ease of maintenance. \n\nHow to wash: Machine-wash in warm water with all-purpose detergent. \n\nTip: Some synthetic fabrics produce static and may permanently wrinkle in a hot dryer, so dry on low. You can use fabric softener to curb static. Do not use bleach.	\N	\N	Polyester	Coffee Brown	pleated-neck-top	\N	\N	FT25
59	Inverted Collar Dress	This dress is a perfect pick to start your weekday. Carry your self confidence to the Monday morning meeting room with this formal wardrobe essential.1. Inverted Collar\n2. Side Gathers for better fit\n3. Concealed back zip closure\n4. Sheath Style flattering Fit	1699.0	2017-01-24 12:51:36.80272	2017-02-13 14:27:51.013981	\N	\N	newdresses-size-chart.png	image/png	95306	2017-02-09 10:11:34.415552	About Fabric: Cotton is derived fromt the fluffy parts of the cotton plant. This natural fabric has a tendency to shrink during the first few washes, therefore the fabric of all our cotton garments is pre-shrunk before construction. A touch of Spandex adds light stretch to the fabric thereby adding comfort and freedom of movement and improving the fit, shape retention, drape and wrinkle resistance of the fabric.\n\nHow to Wash: Machine wash in warm water with all-purpose detergent\n\nTip: Wash seperate colors. For best results, turn your machine to warm tumble dry after washing the garment. Liquid or home made Fabric softener can also be used. Sun may cause dark colors to fade off and light colors to yellow, therefore it is recommended to line-dry cottons in shade.	\N	\N	Cotton Spandex	Kohl Black	inverted-collar-dress	\N	\N	FD15
28	Ruffled Top	Every new style is old. Ranging from the 90s this ruffle top with is perfect for a chic look at work. We love ours to be paired with a knee length skirt and a pair of ballerinas.1. Ruffled Front Opening with Hook closure\n2. Soft Satin Fabric with Glossy Finish\n3. Mandarin Collar\n4. String Neck Tie	1099.0	2017-01-24 12:51:36.170023	2017-02-11 07:10:24.563845	\N	\N	\N	\N	\N	\N	About Fabric: Polyester is a shrink and water stain resistant synthetic fiber.  It is gaining popularity over other fibers due to its high durability and ease of maintenance. \n\nHow to wash: Machine-wash in warm water with all-purpose detergent. \n\nTip: Some synthetic fabrics produce static and may permanently wrinkle in a hot dryer, so dry on low. You can use fabric softener to curb static. Do not use bleach.	\N	\N	Polyester	Caramel Brown (Printed)	ruffled-top-ba27e627-38c2-4672-b0e2-7ccb3f0dde9c	\N	\N	\N
32	Block Peplum Top	This sophisticated top brings in incredible style to your wardrobe. Get through the day effortlessly with a black pencil skirt and comfy platforms!\r\n\r\n1. Peplum Style\r\n\r\n2. Block Colors\r\n\r\n3. Slip on over\r\n\r\n4. Heavy, high stretch fabric	1599.0	2017-01-24 12:51:36.267534	2017-02-13 14:27:50.881122	f	f	tops.png	image/png	108834	2017-01-28 14:29:28.383363	About Fabric:\r\nPolyester is a shrink and water stain resistant synthetic fiber.  It is gaining popularity over other fibers due to its high durability and ease of maintenance. \r\n\r\nHow to wash:\r\nMachine-wash in warm water with all-purpose detergent. \r\n\r\nTip:\r\nSome synthetic fabrics produce static and may permanently wrinkle in a hot dryer, so dry on low. You can use fabric softener to curb static. Do not use bleach.	\N	f	Polyester	Black and Maroon	block-peplum-top	\N	\N	FT27
34	Flared Top	This effortlessly chic flared top is a perfect pick for an oh-so-lovely off duty look, when worn with a pair of denims or ripped shorts.\r\n\r\n1. Front Flare V-Neckline\r\n\r\n2. Loose Fit\r\n\r\n3. Light georgette fabric, lined body\r\n\r\n4. Slip on over	1099.0	2017-01-24 12:51:36.31663	2017-02-13 14:27:50.888303	f	f	tops.png	image/png	108834	2017-01-28 14:29:29.045293	About Fabric: \r\nPolyester is a shrink and water stain resistant synthetic fiber.  It is gaining popularity over other fibers due to its high durability and ease of maintenance. \r\n\r\nHow to wash: \r\nMachine-wash in warm water with all-purpose detergent. \r\n\r\nTip: \r\nSome synthetic fabrics produce static and may permanently wrinkle in a hot dryer, so dry on low. You can use fabric softener to curb static. Do not use bleach.	\N	f	Polyester	Butter Yellow	flared-top	\N	\N	CT05
35	Black Crinkled Shirt	This classic easy fitted shirt beings you effortless style with ease. Pair it with denims and slip ons and you're ready to go!\r\n\r\n1. Front Pockets\r\n\r\n2. Lightweight Crinkled Breathale Fabric\r\n\r\n3. Front Bitton Closure	1299.0	2017-01-24 12:51:36.336455	2017-02-13 14:27:50.891558	f	f	tops.png	image/png	108834	2017-01-28 14:29:29.377428	About Fabric:\r\nCreated from wood pulp treated with chemicals, cool and comfortable rayon is considered a semisynthetic fabric. \r\n\r\nHow to wash:\r\nDry-clean or hand-wash in cold water with mild detergent.  Do not machine wash or tumble dry. Air-dry or lay flat to dry when soaking wet.\r\n\r\nTip:\r\nSince Rayon is a delicate fabric, it must be ironed inside out when slightly damp, on low to medium heat setting.	\N	f	Rayon	Crinkled Black	black-crinkled-shirt	\N	\N	CT07
51	Coral Dress	Get set for a chirpy day look - this fruitful style is a must have in your wardrobe. Pair it with kitten heels and grab your sling to make your way for an urban cool look.1. Flutter Sleeves\n2. V Necklie\n3. Fit and Flare Style\n4. Concealed Back Zip Closure	2399.0	2017-01-24 12:51:36.677057	2017-02-13 14:27:50.960033	\N	\N	newdresses-size-chart.png	image/png	95306	2017-02-09 10:11:30.865653	About Fabric: Polyester is a shrink and water stain resistant synthetic fiber.  It is gaining popularity over other fibers due to its high durability and ease of maintenance. \n\nHow to wash: Machine-wash in warm water with all-purpose detergent. \n\nTip: Some synthetic fabrics produce static and may permanently wrinkle in a hot dryer, so dry on low. You can use fabric softener to curb static. Do not use bleach.	\N	\N	Polyester	Coral Pink	coral-dress	\N	\N	FD08
37	Flared Bottom Blouse	This casual flared bottom top is a perfect pick for a day out with friends. Pair it with your comfy ripped denims and canvas shoes!1. Flared Bottom\n2. V Neckline \n3. Fitted upto waist\n4. Lightweight fabric \n5. Concealed Back Zip Closure	999.0	2017-01-24 12:51:36.377889	2017-02-13 14:27:50.899281	\N	\N	\N	\N	\N	\N	About Fabric: Polyester is a shrink and water stain resistant synthetic fiber.  It is gaining popularity over other fibers due to its high durability and ease of maintenance. \n\nHow to wash: Machine-wash in warm water with all-purpose detergent. \n\nTip: Some synthetic fabrics produce static and may permanently wrinkle in a hot dryer, so dry on low. You can use fabric softener to curb static. Do not use bleach.	\N	\N	Polyester	Tea Green	flared-bottom-blouse-78fe25ce-4690-4e2c-a8af-2ddeef4848a2	\N	\N	CT08.2
39	Off Shoulder Top	Nail your casual day with this trendy piece. Team it up with your favourite denims for a complete look.1. Off Shoulder with elastic\n2. Easy Fit\n3. Slip on over\n4. Lined	1299.0	2017-01-24 12:51:36.416126	2017-02-13 14:27:50.908359	\N	\N	tops.png	image/png	108834	2017-01-28 14:29:30.51819	About Fabric: Polyester is a shrink and water stain resistant synthetic fiber.  It is gaining popularity over other fibers due to its high durability and ease of maintenance. \n\nHow to wash: Machine-wash in warm water with all-purpose detergent. \n\nTip: Some synthetic fabrics produce static and may permanently wrinkle in a hot dryer, so dry on low. You can use fabric softener to curb static. Do not use bleach.	\N	\N	Polyester	Coral Orange	off-shoulder-top	\N	\N	CT10
71	Velvet Dress with cut out Back	A telltale piece that takes you back to the vintage land. The slim silhouette dress adds the correct amount of radiance to your romantic evening. Wear your pumps, adorn some beautiful earrings and get your statement clutch to complete your look.\r\n\r\n1. Velvet Top and Satin Bottom \r\n\r\n2. Bow tie fabric belt \r\n\r\n3. Deep cut out back \r\n\r\n4. Concealed side zip closure \r\n\r\n5. Lined bottom	2599.0	2017-01-24 12:51:37.031436	2017-02-13 14:27:51.09744	f	f	newdresses-size-chart.png	image/png	95306	2017-02-09 10:11:39.783338	About Fabric: \r\nVelvet is a type of woven tufted fabric in which the cut threads are evenly distributed, with a short dense pile, giving it a distinctive feel.\r\n\r\nHow to wash: \r\nWash like colors only. Dry clean or hand wash in cold water with mild detergent.  Do not machine wash or tumble dry. Air-dry or lay flat to dry when soaking wet.\r\n\r\nTip: \r\nLow to medium heat iron. Iron inside out.	\N	f	Velvet	Rose Pink and Black	velvet-dress-with-cut-out-back	\N	\N	MD15
36	Flared Bottom Blouse	This casual flared bottom top is a perfect pick for a day out with friends. Pair it with your comfy ripped denims and canvas shoes!\r\n\r\n1. Flared Bottom\r\n\r\n2. V Neckline \r\n\r\n3. Fitted upto waist\r\n\r\n4. Lightweight fabric \r\n\r\n5. Concealed Back Zip Closure	999.0	2017-01-24 12:51:36.359053	2017-02-11 07:10:24.603426	f	f	tops.png	image/png	108834	2017-01-28 14:29:29.930051	About Fabric: \r\nPolyester is a shrink and water stain resistant synthetic fiber.  It is gaining popularity over other fibers due to its high durability and ease of maintenance. \r\n\r\nHow to wash: \r\nMachine-wash in warm water with all-purpose detergent. \r\n\r\nTip: \r\nSome synthetic fabrics produce static and may permanently wrinkle in a hot dryer, so dry on low. You can use fabric softener to curb static. Do not use bleach.	\N	f	\N	\N	flared-bottom-blouse	\N	\N	\N
42	Velvet Blouse	An undeniably uber chic look to set you for the perfect outing.\r\nWe love to team ours up with a pair of wide pants and block heels.\r\n1. Lightweight velvet fabric\r\n2. Side Slits\r\n3. Easy Fit \r\n4. Concealed back zip closure	1499.0	2017-01-24 12:51:36.493776	2017-02-13 14:27:50.923255	f	f	tops.png	image/png	108834	2017-01-28 14:29:31.547079	About Fabric:\r\nVelvet is a type of woven tufted fabric in which the cut threads are evenly distributed, with a short dense pile, giving it a distinctive feel.\r\n\r\nHow to wash: \r\nWash like colors only. Dry-clean or hand-wash in cold water with mild detergent.  Do not machine wash or tumble dry. Air-dry or lay flat to dry when soaking wet.\r\n\r\nTip:\r\n Low to medium heat iron. Iron inside out.	\N	f	Velvet	Sunlight Yellow	velvet-blouse	\N	\N	CT13
43	Velvet Crop Top	Crop it like its hot. Set the temperature rising teaming this crop top with a jacket and pair of ripped denims to gear up for the countryside look.1. Lightweight velvet fabric\n2. High Waist\n3. Concealed side zip closure	1399.0	2017-01-24 12:51:36.510203	2017-02-13 14:27:50.927678	\N	\N	tops.png	image/png	108834	2017-01-28 14:29:31.875611	About Fabric: Velvet is a type of woven tufted fabric in which the cut threads are evenly distributed, with a short dense pile, giving it a distinctive feel.\n\nHow to wash: Wash like colors only. Dry-clean or hand-wash in cold water with mild detergent.  Do not machine wash or tumble dry. Air-dry or lay flat to dry when soaking wet.\n\nTip: Low to medium heat iron. Iron inside out.	\N	\N	Velvet	Sunlight Yellow	velvet-crop-top	\N	\N	CT14
45	Bow Dress	Carry forward your day in this alluring bow dress. Simple-chic-comfy, all stays in one. We love ours with a pair of black heels and a contrasting\\ handbag.1. Bow Neck Tie\r\n2. Fit and Flare Style\r\n3. Concealed back zip closure	1899.0	2017-01-24 12:51:36.562358	2017-02-13 14:27:50.935842	f	f	newdresses-size-chart.png	image/png	95306	2017-02-09 10:11:28.118219	About Fabric: Polyester is a shrink and water stain resistant synthetic fiber.  It is gaining popularity over other fibers due to its high durability and ease of maintenance. \r\n\r\nHow to wash: Machine-wash in warm water with all-purpose detergent. \r\n\r\nTip: Some synthetic fabrics produce static and may permanently wrinkle in a hot dryer, so dry on low. You can use fabric softener to curb static. Do not use bleach.	\N	f	Polyester	Kohl Black	bow-dress	\N	\N	FD02
46	Shift Dress with metal detail	A dress that speaks for itself. An afternoon coffee date or an evening at a club; Dazzle your day with this pick from BuClos. Just grab your coolest pair of flats and you are all set.1. Shift Style easy wear\n2. Side pockets with metal rivet detail\n3. Light weight, light stretch fabric\n4. Concealed black zip closure	1599.0	2017-01-24 12:51:36.585291	2017-02-13 14:27:50.940867	\N	\N	newdresses-size-chart.png	image/png	95306	2017-02-09 10:11:28.624557	About Fabric: Polyester is a shrink and water stain resistant synthetic fiber.  It is gaining popularity over other fibers due to its high durability and ease of maintenance. \n\nHow to wash: Machine-wash in warm water with all-purpose detergent. \n\nTip: Some synthetic fabrics produce static and may permanently wrinkle in a hot dryer, so dry on low. You can use fabric softener to curb static. Do not use bleach.	\N	\N	Polyester	Kohl Black	shift-dress-with-metal-detail	\N	\N	FD04
47	Net Sleeves Dress	This dress is comfort and style rolled in one. Wear it on a movie date or a casual friday at work, by teaming it up with a pair of comfy flats.1. Net Sleeves (Or sleeveless if required)\n2. Frilled net underlay below hem\n3. Concealed side zip closure\n4. Lightweight, light stretch fabric\n5. Lined	1899.0	2017-01-24 12:51:36.606997	2017-02-13 14:27:50.944841	\N	\N	newdresses-size-chart.png	image/png	95306	2017-02-09 10:11:29.070436	About Fabric: Polyester is a shrink and water stain resistant synthetic fiber.  It is gaining popularity over other fibers due to its high durability and ease of maintenance. \n\nHow to wash: Machine-wash in warm water with all-purpose detergent. \n\nTip: Some synthetic fabrics produce static and may permanently wrinkle in a hot dryer, so dry on low. You can use fabric softener to curb static. Do not use bleach.	\N	\N	Polyester	Icy White	net-sleeves-dress	\N	\N	FD05
50	Bateau Neck Dress	With the edge of its classiness, we present you with this comfortable work dress that is sure to draw a lot of compliments. Team it up with your favourite black bag and pearl ear studs.1. Bateau Neckline\n2. Front Reverse Pleat \n3. Fit and Flare Style\n4. Side Pockets\n5. Fully Lined\n6. Concealed Back Zip Closure	2599.0	2017-01-24 12:51:36.661614	2017-02-13 14:27:50.956161	\N	\N	newdresses-size-chart.png	image/png	95306	2017-02-09 10:11:30.429985	About Fabric: Polyester is a shrink and water stain resistant synthetic fiber.  It is gaining popularity over other fibers due to its high durability and ease of maintenance. \n\nHow to wash: Machine-wash in warm water with all-purpose detergent. \n\nTip: Some synthetic fabrics produce static and may permanently wrinkle in a hot dryer, so dry on low. You can use fabric softener to curb static. Do not use bleach.	\N	\N	Polyester	Inky Blue	bateau-neck-dress	\N	\N	FD07
48	Halter Flare Dress	An ideal pick for a flirty evening, this dress is a must addition to your wardrobe. Team it with pair of high heels or a cute pair of flats1. Fit and flare Style\n2. High neck with gathers keyhole back\n3. Keyhole back\n4. Concealed side zip closure\n	1999.0	2017-01-24 12:51:36.627123	2017-02-13 14:27:50.952337	\N	\N	newdresses-size-chart.png	image/png	95306	2017-02-09 10:11:29.987449	About Fabric: Polyester is a shrink and water stain resistant synthetic fiber.  It is gaining popularity over other fibers due to its high durability and ease of maintenance. \n\nHow to wash: Machine-wash in warm water with all-purpose detergent. \n\nTip: Some synthetic fabrics produce static and may permanently wrinkle in a hot dryer, so dry on low. You can use fabric softener to curb static. Do not use bleach.	\N	\N	Polyester	Parrot Green	halter-flare-dress	\N	\N	FD06.2
49	Halter Flare Dress	An ideal pick for a flirty evening, this dress is a must addition to your wardrobe. Team it with pair of high heels or a cute pair of flats1. Fit and flare Style\n2. High neck with gathers keyhole back\n3. Keyhole back\n4. Concealed side zip closure\n	1999.0	2017-01-24 12:51:36.644373	2017-02-11 07:10:24.678265	\N	\N	\N	\N	\N	\N	About Fabric: Polyester is a shrink and water stain resistant synthetic fiber.  It is gaining popularity over other fibers due to its high durability and ease of maintenance. \n\nHow to wash: Machine-wash in warm water with all-purpose detergent. \n\nTip: Some synthetic fabrics produce static and may permanently wrinkle in a hot dryer, so dry on low. You can use fabric softener to curb static. Do not use bleach.	\N	\N	Polyester	Mandarin Orange	halter-flare-dress-a1caf80d-59ec-4cf9-941d-2455a8d2db5d	\N	\N	\N
53	Assymentrical Block Dress	A buClos signature, this dress is sure to fetch you tonnes of compliments. Wear it with a red handbag and kitten heels for an unmatched look.\r\n\r\n1. Asymmetric hem\r\n\r\n2. Overlapping Block Design\r\n\r\n3. Sheath Style with Flattering Fit\r\n\r\n4. Concealed Side Zip Closure	1799.0	2017-01-24 12:51:36.707895	2017-02-13 14:27:50.978843	f	f	newdresses-size-chart.png	image/png	95306	2017-02-09 10:11:31.825407	About Fabric:\r\nPolyester is a shrink and water stain resistant synthetic fiber.  It is gaining popularity over other fibers due to its high durability and ease of maintenance. \r\n\r\nHow to wash: \r\nMachine-wash in warm water with all-purpose detergent. \r\n\r\nTip:\r\nSome synthetic fabrics produce static and may permanently wrinkle in a hot dryer, so dry on low. You can use fabric softener to curb static. Do not use bleach.	\N	f	Polyester	Black and White	assymentrical-block-dress	\N	\N	FD10
54	Flute Sleeve Dress	Make your way out and fall in love with this alluring evening dress. A perfect pick for a gracious date, team it up with a pair of heels and you are all set.1. Fit and Flare Style\r\n2. Flute Sleeves (or sleeveles if so required)\r\n3. Fully Lined\r\n4.Concealed back zip closure	2099.0	2017-01-24 12:51:36.723526	2017-02-13 14:27:50.982903	f	f	newdresses-size-chart.png	image/png	95306	2017-02-09 10:11:32.257123	About Fabric: Polyester is a shrink and water stain resistant synthetic fiber.  It is gaining popularity over other fibers due to its high durability and ease of maintenance. \r\n\r\nHow to wash: Machine-wash in warm water with all-purpose detergent. \r\n\r\nTip: Some synthetic fabrics produce static and may permanently wrinkle in a hot dryer, so dry on low. You can use fabric softener to curb static. Do not use bleach.	\N	f	Polyester	Midnight Blue	flute-sleeve-dress	\N	\N	FD11
56	Drop Waist Asymmetric Dress	The delicate flair and metal detail qualify this dress for a perfect evening event. Team it with high heels and a hand a clutch to get going.1. Asymmetric Hem\n2. Drop Waist Style\n3. Gold Metal Buckle Detail\n4. Concealed Side Zip Closure	1999.0	2017-01-24 12:51:36.755665	2017-02-13 14:27:51.001707	\N	\N	newdresses-size-chart.png	image/png	95306	2017-02-09 10:11:33.184948	About Fabric: Polyester is a shrink and water stain resistant synthetic fiber.  It is gaining popularity over other fibers due to its high durability and ease of maintenance. \n\nHow to wash: Machine-wash in warm water with all-purpose detergent. \n\nTip: Some synthetic fabrics produce static and may permanently wrinkle in a hot dryer, so dry on low. You can use fabric softener to curb static. Do not use bleach.	\N	\N	Polyester	Kohl Black	drop-waist-asymmetric-dress	\N	\N	FD13
57	Striped Chambray Dress	A perfect pick when your day calls for running errands. A simple design exuding the grace. Embrace yourself in this effortless look.\n1. Easy Fit\n2. Side Slits\n3. Rounded Hem\n4. Front Button Closure	1799.0	2017-01-24 12:51:36.771514	2017-02-13 14:27:51.010217	\N	\N	newdresses-size-chart.png	image/png	95306	2017-02-09 10:11:34.013459	About Fabric: Chambray is a lightweight cotton fabric that combines colored and white yarn.  Cotton is derived fromt the fluffy parts of the cotton plant. This natural fabric has a tendency to shrink during the first few washes, therefore the fabric of all our cotton garments is pre-shrunk before construction. \n\nHow to Wash: Machine wash in warm water with all-purpose detergent\n\nTip: Wash seperate colors. For best results, turn your machine to warm tumble dry after washing the garment. Liquid or home made Fabric softener can also be used. Sun may cause dark colors to fade off and light colors to yellow, therefore it is recommended to line-dry cottons in shade.	\N	\N	Chambray	Denim Blue	striped-chambray-dress	\N	\N	FD14.2
61	Square Neck Shift Dress	Revamp your mood with this summer essential. The easy fit and cool fabric makes you fall in love with it. We love ours to team with a pair of slippers.1. Shift Style with easy fit\n2. Front Square Neckline\n3. Deep Square Back Neck with strap and snap button fastening\n4. Lightweight fabric	2399.0	2017-01-24 12:51:36.83758	2017-02-13 14:27:51.021811	\N	\N	newdresses-size-chart.png	image/png	95306	2017-02-09 10:11:35.344853	About Fabric: Polyester is a shrink and water stain resistant synthetic fiber.  It is gaining popularity over other fibers due to its high durability and ease of maintenance. \n\nHow to wash: Machine-wash in warm water with all-purpose detergent. \n\nTip: Some synthetic fabrics produce static and may permanently wrinkle in a hot dryer, so dry on low. You can use fabric softener to curb static. Do not use bleach.	\N	\N	Polyester	Coffee Brown	square-neck-shift-dress	\N	\N	FD17
62	Block Shift Dress	Set aside your old stuff and make the space for this stylish shift dress. Made from high quality fabric, this dress competes your comfort with class. You are all set completing the look with a pair of kitten heels.1. Shift Style with easy fit\n2. High stretch fabric with smooth finish\n3. Concealed side zip closure	2399.0	2017-01-24 12:51:36.856451	2017-02-13 14:27:51.025617	\N	\N	newdresses-size-chart.png	image/png	95306	2017-02-09 10:11:35.806549	About Fabric: Polyester is a shrink and water stain resistant synthetic fiber.  It is gaining popularity over other fibers due to its high durability and ease of maintenance. \n\nHow to wash: Machine-wash in warm water with all-purpose detergent. \n\nTip: Some synthetic fabrics produce static and may permanently wrinkle in a hot dryer, so dry on low. You can use fabric softener to curb static. Do not use bleach.	\N	\N	Polyester	Black and Maroon	block-shift-dress	\N	\N	FD18
63	Tiered Dress	You need not beat your blues when you got this dress in your bag. A definite pick when versatility is all you desire. Work - outdoor - party, this dress does it all1. Tiered Dress\n2. Ovelaying panel split at back\n3. Concealed back Zip closure\n4. Stretch Fabric for comfort fit\n	2399.0	2017-01-24 12:51:36.874899	2017-02-13 14:27:51.029637	\N	\N	newdresses-size-chart.png	image/png	95306	2017-02-09 10:11:36.278151	About Fabric: Polyester is a shrink and water stain resistant synthetic fiber.  It is gaining popularity over other fibers due to its high durability and ease of maintenance. \n\nHow to wash: Machine-wash in warm water with all-purpose detergent. \n\nTip: Some synthetic fabrics produce static and may permanently wrinkle in a hot dryer, so dry on low. You can use fabric softener to curb static. Do not use bleach.	\N	\N	Polyester	Inky Blue	tiered-dress	\N	\N	FD19
64	V Neck Dress	When elegance needs to be at the edge; this dress completes your workday or evening out with a ravishing look. Wear high heels on this and get going.1. V Neckline\n2. Fit and Flare Style\n3. Concealed side zip closure\n4. Lined	2199.0	2017-01-24 12:51:36.893332	2017-02-13 14:27:51.033711	\N	\N	newdresses-size-chart.png	image/png	95306	2017-02-09 10:11:36.756778	About Fabric: Polyester is a shrink and water stain resistant synthetic fiber.  It is gaining popularity over other fibers due to its high durability and ease of maintenance. \n\nHow to wash: Machine-wash in warm water with all-purpose detergent. \n\nTip: Some synthetic fabrics produce static and may permanently wrinkle in a hot dryer, so dry on low. You can use fabric softener to curb static. Do not use bleach.	\N	\N	Polyester	Indigo Blue	v-neck-dress	\N	\N	FD22
65	Inverted Pleat Dress	\nRing in your fashion trend with this inverted pleat dress. Infusing mischief with ease it dress takes you through the day with perfection. Adorn a fancy neckpiece and slip in a lovely pair of flats to add an extra lush.1. A-line style\n2. Inverted Pleats, front and back\n3. Concealed back zip closure\n4. Fully Lined	1899.0	2017-01-24 12:51:36.911599	2017-02-13 14:27:51.037997	\N	\N	newdresses-size-chart.png	image/png	95306	2017-02-09 10:11:37.250536	About Fabric: Polyester is a shrink and water stain resistant synthetic fiber.  It is gaining popularity over other fibers due to its high durability and ease of maintenance. \n\nHow to wash: Machine-wash in warm water with all-purpose detergent. \n\nTip: Some synthetic fabrics produce static and may permanently wrinkle in a hot dryer, so dry on low. You can use fabric softener to curb static. Do not use bleach.	\N	\N	Polyester	Lemon Drop	inverted-pleat-dress	\N	\N	CD03
66	Off Shoulder Dress	Fall in love with this off shoulder fragmantic dress. Grab in your floppy hat and strappy heels and welcome the warm weather in the cordial shades of sunshine1. Off Shoulder with Elastic\n2. Concealed Side Zip Closure\n3. Layered Frill\n4. Lined	1699.0	2017-01-24 12:51:36.929886	2017-02-13 14:27:51.041949	\N	\N	newdresses-size-chart.png	image/png	95306	2017-02-09 10:11:37.64326	About Fabric: Polyester is a shrink and water stain resistant synthetic fiber.  It is gaining popularity over other fibers due to its high durability and ease of maintenance. \n\nHow to wash: Machine-wash in warm water with all-purpose detergent. \n\nTip: Some synthetic fabrics produce static and may permanently wrinkle in a hot dryer, so dry on low. You can use fabric softener to curb static. Do not use bleach.	\N	\N	Polyester	Flame Orange	off-shoulder-dress	\N	\N	CD04
67	Single Shoulder Dress	A voguish definition of trend. When off shoulder gets too mainstream for you; try this! Bring in your sassy side with this single shoulder dress. Wear strappy flats to complete the look.1. Single shoulder \n2. Layered Frill\n3. Concealed side zip closure\n4. Lined\n5. Lightweight fabric with smooth finish	1699.0	2017-01-24 12:51:36.947967	2017-02-13 14:27:51.045751	\N	\N	newdresses-size-chart.png	image/png	95306	2017-02-09 10:11:38.022157	About Fabric: Polyester is a shrink and water stain resistant synthetic fiber.  It is gaining popularity over other fibers due to its high durability and ease of maintenance. \n\nHow to wash: Machine-wash in warm water with all-purpose detergent. \n\nTip: Some synthetic fabrics produce static and may permanently wrinkle in a hot dryer, so dry on low. You can use fabric softener to curb static. Do not use bleach.	\N	\N	Polyester	Coral Pink	single-shoulder-dress	\N	\N	CD08
69	Deep V back dress	Amp up your day with this easy  wearing dress. As simple as it seems, effortless and lovely is what it comes in with. Make your way to a breezy day teaming it with a shrug and pair of shoes.\n\n1. Deep V Back Neck \n2. East fit \n3. Lightweight breathable fabric \n4. Concealed side zip closure \n5. Lined (Poly-knit lining)	2099.0	2017-01-24 12:51:36.984889	2017-02-13 14:27:51.088959	\N	\N	newdresses-size-chart.png	image/png	95306	2017-02-09 10:11:38.767891	About Fabric: Cotton hosiery is a knitted fabric made of cotton. It is soft, absorbent, durable and it dries quickly. \n\nHow to Wash: Machine wash in warm water with all purpose detergent. \n\nTip: Iron on low to medium heat setting. Do not wring or twist the fabric before drying as it may lose its shape.	\N	\N	Knit Cotton	Blooming Orange	deep-v-back-dress	\N	\N	MD04
70	Black Net Dress	\nYou can never give a second thought when its about a black dress. The sultry appeal in this dress ranges number 1 in every feminist list. Team it with strapless sandals.1. Net Dress 2. \nFish cut with flattering silhouette \n3. Lined body \n4. Front slit \n5. Round neck front, Deep V neck back \n6. Concealed back zip closure	1699.0	2017-01-24 12:51:37.003892	2017-02-13 14:27:51.092724	\N	\N	newdresses-size-chart.png	image/png	95306	2017-02-09 10:11:39.300749	About Fabric: Polyester is a shrink and water stain resistant synthetic fiber.  It is gaining popularity over other fibers due to its high durability and ease of maintenance. \n\nHow to wash: Machine-wash in warm water with all-purpose detergent. \n\nTip: Some synthetic fabrics produce static and may permanently wrinkle in a hot dryer, so dry on low. You can use fabric softener to curb static. Do not use bleach.	\N	\N	Polyester	Kohl Black	black-net-dress	\N	\N	MD08
73	Velvet Dress with Deep V Back	Walk in wearing this sleek velvet dress and win the evening over. Simply pair it with big heels and a pearl choker\r\n\r\n1. Smooth Velvet Fabric \r\n\r\n2. Front Slit \r\n\r\n3. Deep V Back \r\n\r\n4. Concealed side zip closure 	2399.0	2017-01-24 12:51:37.069932	2017-02-13 14:27:51.105072	f	f	newdresses-size-chart.png	image/png	95306	2017-02-09 10:11:40.746096	About Fabric: \r\nVelvet is a type of woven tufted fabric in which the cut threads are evenly distributed, with a short dense pile, giving it a distinctive feel.\r\n\r\nHow to wash: \r\nWash like colors only. Dry-clean or hand-wash in cold water with mild detergent.  Do not machine wash or tumble dry. Air-dry or lay flat to dry when soaking wet.\r\n\r\nTip: \r\nLow to medium heat iron. Iron inside out.	\N	f	Velvet	Purple Sangria	velvet-dress-with-deep-v-back	\N	\N	MD17
74	Skirt with Inverted Front Pleat	Sport the perfect skirt from our collection. Nail ease and elegance with this blue skirt making your way for a bright day at work. Tuck in the blouse and wear your wedges completing the look.1. A line style \n2. Inverted front pleat \n3. Concealed side zip closure \n4. Lined	1199.0	2017-01-24 12:51:37.088789	2017-02-13 14:27:51.109135	\N	\N	bottom.png	image/png	101506	2017-01-28 14:29:40.526409	About Fabric: Polyester is a shrink and water stain resistant synthetic fiber.  It is gaining popularity over other fibers due to its high durability and ease of maintenance. \n\nHow to wash: Machine-wash in warm water with all-purpose detergent. \n\nTip: Some synthetic fabrics produce static and may permanently wrinkle in a hot dryer, so dry on low. You can use fabric softener to curb static. Do not use bleach.	\N	\N	Polyester	Midnight Blue	skirt-with-inverted-front-pleat	\N	\N	SK01
75	Black Flare Skirt	Simple and classy in design, this skirt completes the versatility in its best form. Be it a sleek blouse or a boyfriend shirt, you can carry it all with this. 1. Flared skirt \r\n2. No belt \r\n3. Concealed back zip closure \r\n4. Heavy fabric with good fall	1599.0	2017-01-24 12:51:37.109127	2017-02-13 14:27:51.113174	f	f	bottom.png	image/png	101506	2017-01-28 14:29:40.795058	About Fabric: Polyester is a shrink and water stain resistant synthetic fiber.  It is gaining popularity over other fibers due to its high durability and ease of maintenance. \r\n\r\nHow to wash: Machine-wash in warm water with all-purpose detergent. \r\n\r\nTip: Some synthetic fabrics produce static and may permanently wrinkle in a hot dryer, so dry on low. You can use fabric softener to curb static. Do not use bleach.	\N	f	Polyester	Kohl Black	black-flare-skirt	\N	\N	SK02
76	Blue Pencil Skirt	A standout choice for your work day, A skirt that brings class and comfort along. Pair it with collared shirt and ankle heels.\n1. Pencil Skirt \n2. Back Slit \n3. Concealed back zip closure \n4. Stretch Fabric for ease of movement	1599.0	2017-01-24 12:51:37.129498	2017-02-13 14:27:51.118171	\N	\N	bottom.png	image/png	101506	2017-01-28 14:29:41.064494	About Fabric: Polyester is a shrink and water stain resistant synthetic fiber.  It is gaining popularity over other fibers due to its high durability and ease of maintenance. \n\nHow to wash: Machine-wash in warm water with all-purpose detergent. \n\nTip: Some synthetic fabrics produce static and may permanently wrinkle in a hot dryer, so dry on low. You can use fabric softener to curb static. Do not use bleach.	\N	\N	Polyester	Kohl Black	blue-pencil-skirt	\N	\N	SK04
77	Pencil Skirt with front slit	Add some classic style to your workwear wardrobe. Look your best by teaming this skirt with a ruffled blouse and get set to slay your day1. Pencil skirt \n2. Front one side Slit \n3. Concealed back zip closure \n4. Stretch fabric for ease of movement \n5. Fully Lined	1599.0	2017-01-24 12:51:37.148269	2017-02-13 14:27:51.123235	\N	\N	bottom.png	image/png	101506	2017-01-28 14:29:41.336577	About Fabric: Polyester is a shrink and water stain resistant synthetic fiber.  It is gaining popularity over other fibers due to its high durability and ease of maintenance. \n\nHow to wash: Machine-wash in warm water with all-purpose detergent. \n\nTip: Some synthetic fabrics produce static and may permanently wrinkle in a hot dryer, so dry on low. You can use fabric softener to curb static. Do not use bleach.	\N	\N	Polyester	Kohl Black	pencil-skirt-with-front-slit	\N	\N	SK05
78	Skirt with Side Pleats	Who said you have to be an expert to nail the skirt trend? A little fun and a little sass can make you work the best with this simple yet stylish skirt. Pick it. wear it.1. Stylish single side knife pleats (same side front and back) \n2. Concealed side zip closure \n3. A-Line fit \n4. Lined	1199.0	2017-01-24 12:51:37.166898	2017-02-13 14:27:51.127486	\N	\N	bottom.png	image/png	101506	2017-01-28 14:29:41.609686	About Fabric: Polyester is a shrink and water stain resistant synthetic fiber.  It is gaining popularity over other fibers due to its high durability and ease of maintenance. \n\nHow to wash: Machine-wash in warm water with all-purpose detergent. \n\nTip: Some synthetic fabrics produce static and may permanently wrinkle in a hot dryer, so dry on low. You can use fabric softener to curb static. Do not use bleach.	\N	\N	Polyester	Kohl Black	skirt-with-side-pleats	\N	\N	SK08
79	Block Pencil Skirt	\nBe the work of your art. Fusing this solid white skirt with a detailed top will keep your fashion bars high.1. Pencil Skirt \n2. Block colours \n3. Back Slit \n4. Concealed side zip closure \n5. Stretch fabric for ease of movement	1599.0	2017-01-24 12:51:37.184358	2017-02-13 14:27:51.131489	\N	\N	bottom.png	image/png	101506	2017-01-28 14:29:41.881647	About Fabric: Polyester is a shrink and water stain resistant synthetic fiber.  It is gaining popularity over other fibers due to its high durability and ease of maintenance. \n\nHow to wash: Machine-wash in warm water with all-purpose detergent. \n\nTip: Some synthetic fabrics produce static and may permanently wrinkle in a hot dryer, so dry on low. You can use fabric softener to curb static. Do not use bleach.	\N	\N	Polyester	Black and Natural White	block-pencil-skirt	\N	\N	SK09
80	Box Pleat Skirt	A perfect pick for your brunch or day out. Exuding grace and elegance, this skirt provides sheer comfort all day long. Ypu could pair it with a blouse and block heels.1. Flared with box pleats \n2. Crisp fabric with silk finish \n3. Concealed back zip closure \n4. Lined 	1399.0	2017-01-24 12:51:37.202049	2017-02-13 14:27:51.135476	\N	\N	bottom.png	image/png	101506	2017-01-28 14:29:42.143651	About Fabric: Polyester Dupioni is a lustrous synthetic fabric that is tightly woven with stub to give it a look similar to that of silk. However it is much easier to maintain and is more durable since it is made entirely out of polyester. \n\nHow to Wash: Machine Wash in warm water with all purpose detergent. \n\nTip: Dry on low. Use iron on medium when damp to maintain crease of fabric.	\N	\N	Polyester Dupioni	Crimson Pink	box-pleat-skirt	\N	\N	SK10
84	A Line Velvet Skirt	Check yourself out in the skirt that comes with the feels of oh - so - good. Pair it skirt with a tucked in shirt or a crop top, and you are all set.1. Velvet with textured finish\n2. A line fit\n3. Concealed Side Zip CLosure	1499.0	2017-01-24 12:51:37.309136	2017-02-13 14:27:51.151444	\N	\N	bottom.png	image/png	101506	2017-01-28 14:29:43.310113	About Fabric: Velvet is a type of woven tufted fabric in which the cut threads are evenly distributed, with a short dense pile, giving it a distinctive feel.\n\nHow to wash: Wash like colors only. Dry-clean or hand-wash in cold water with mild detergent.  Do not machine wash or tumble dry. Air-dry or lay flat to dry when soaking wet.\n\nTip: Low to medium heat iron. Iron inside out.	\N	\N	Velvet	Midnight Blue	a-line-velvet-skirt	\N	\N	SK20
85	White Skirt with Mesh Insert	Refresh yourself with this stylish pick, team it with a bright colored top and wedges to be on the go.1. A Line Style\n2. Stylish Mesh Inserts\n3. Concealed side zip closure	1099.0	2017-01-24 12:51:37.328014	2017-02-13 14:27:51.155024	\N	\N	bottom.png	image/png	101506	2017-01-28 14:29:43.582759	About Fabric: Polyester Duchess Satin is a mid weight fabric with a luxurious soft sheen and lustrous body similar to that of silk satin. However it is much easier to maintain and is more durable since it is made entirely out of polyester fibres. \n\nHow to Wash: Machine wash in warm water with all purpose detergent. \n\nTip: Dry on low. Use medium to low heat iron.	\N	\N	Polyester Dutchess Satin	Icy White	white-skirt-with-mesh-insert	\N	\N	SK21
86	Orange A Line Skirt	Blossom up in this summer shade a line skirt. Versatility at its best , a picnic or a party, this skirt serves it all. We love ours when teamed with button downs and gladiators1. A Line Fit\n2. Concealed side zip closure\n3. Light Fabric with good fallAC	1399.0	2017-01-24 12:51:37.346345	2017-02-13 14:27:51.158938	\N	\N	bottom.png	image/png	101506	2017-01-28 14:29:43.862391	About Fabric: Polyester is a shrink and water stain resistant synthetic fiber.  It is gaining popularity over other fibers due to its high durability and ease of maintenance. \n\nHow to wash: Machine-wash in warm water with all-purpose detergent. \n\nTip: Some synthetic fabrics produce static and may permanently wrinkle in a hot dryer, so dry on low. You can use fabric softener to curb static. Do not use bleach.	\N	\N	Polyester	Mandarin Orange	orange-a-line-skirt	\N	\N	SK22
87	Ink Blue Pencil Skirt	An essential choice for your work day, this is the skirt that brings class and comfort along. Pair it with collared shirt and ankle heels.\n1. Pencil Fit\n2. Stretch fabric for ease of movement\n3. Back Slit\n4. Concealed Back Zip Closure	1599.0	2017-01-24 12:51:37.36497	2017-02-13 14:27:51.16244	\N	\N	bottom.png	image/png	101506	2017-01-28 14:29:44.172014	About Fabric: Polyester is a shrink and water stain resistant synthetic fiber.  It is gaining popularity over other fibers due to its high durability and ease of maintenance. \n\nHow to wash: Machine-wash in warm water with all-purpose detergent. \n\nTip: Some synthetic fabrics produce static and may permanently wrinkle in a hot dryer, so dry on low. You can use fabric softener to curb static. Do not use bleach.	\N	\N	Polyester	Inky Blue	ink-blue-pencil-skirt	\N	\N	SK23.1
88	Black Pencil Skirt	An essential choice for your work day, this is the skirt that brings class and comfort along. Pair it with collared shirt and ankle heels.\n1. Pencil Fit\n2. Stretch fabric for ease of movement\n3. Back Slit\n4. Concealed Back Zip Closure	1599.0	2017-01-24 12:51:37.383563	2017-02-13 14:27:51.166035	\N	\N	bottom.png	image/png	101506	2017-01-28 14:29:44.442633	About Fabric: Polyester is a shrink and water stain resistant synthetic fiber.  It is gaining popularity over other fibers due to its high durability and ease of maintenance. \n\nHow to wash: Machine-wash in warm water with all-purpose detergent. \n\nTip: Some synthetic fabrics produce static and may permanently wrinkle in a hot dryer, so dry on low. You can use fabric softener to curb static. Do not use bleach.	\N	\N	Polyester	Kohl Black	black-pencil-skirt	\N	\N	SK23.2
31	Net Top 	Simple yet appealing, this top is surery to impress a fashionable woman. Maintaining the perfect balance between charm and comfort this is perfect piece to rock all day long.\r\n\r\n1. Net top \r\n\r\n2. Attached inner\r\n\r\n3. Comfort fit\r\n\r\n4. Slip on over	1199.0	2017-01-24 12:51:36.235272	2017-02-13 14:27:50.877734	f	f	tops.png	image/png	108834	2017-01-28 14:29:28.093841	About Fabric:\r\nPolyester is a shrink and water stain resistant synthetic fiber.  It is gaining popularity over other fibers due to its high durability and ease of maintenance. \r\n\r\nHow to wash:\r\nMachine-wash in warm water with all-purpose detergent. \r\n\r\nTip:\r\nSome synthetic fabrics produce static and may permanently wrinkle in a hot dryer, so dry on low. You can use fabric softener to curb static. Do not use bleach.	\N	f	Polyester	Kohl Black	net-top	\N	\N	FT26
21	Patch Pocket Top	Theres nothing simple when it's added with the patch pocket! Tread your day with this ever so sassy top; go ahaead and pair it with your favourite denims and canvas shoes for an effortlessly chic look.\r\n1. Contrast Patch Pocket\r\n\r\n2. Front Curved Hem\r\n\r\n3. Easy Fit\r\n\r\n4. Light Stretch Fabric\r\n\r\n5. Back Gold Zip Closure	1599.0	2017-01-24 12:51:36.016487	2017-02-13 14:27:50.821945	f	f	tops.png	image/png	108834	2017-01-28 14:29:25.133546	About Fabric: \r\nPolyester is a shrink and water stain resistant synthetic fiber.  It is gaining popularity over other fibers due to its high durability and ease of maintenance. \r\n\r\nHow to wash: \r\nMachine-wash in warm water with all-purpose detergent. \r\n\r\nTip:\r\n Some synthetic fabrics produce static and may permanently wrinkle in a hot dryer, so dry on low. You can use fabric softener to curb static. Do not use bleach.	\N	f	Polyester	Black and White	patch-pocket-top-3d678705-a36b-41f0-829c-0a9f90787445	\N	\N	FT16.2
33	Metal Detail Top	Outshine in this gorgeous wine colored top with metal detailing. Team it up with slim ankle length trousers for an ever so sophisticated look.\r\n\r\n1. Metal Detail on neckline\r\n\r\n2. Front Gathers\r\n\r\n3. Loose Fit\r\n\r\n4. Keyhole back closure	1399.0	2017-01-24 12:51:36.300153	2017-02-13 14:27:50.884914	f	f	tops.png	image/png	108834	2017-01-28 14:29:28.720773	About Fabric:\r\nPolyester is a shrink and water stain resistant synthetic fiber.  It is gaining popularity over other fibers due to its high durability and ease of maintenance. \r\n\r\nHow to wash:\r\nMachine-wash in warm water with all-purpose detergent. \r\n\r\nTip:\r\nSome synthetic fabrics produce static and may permanently wrinkle in a hot dryer, so dry on low. You can use fabric softener to curb static. Do not use bleach.	\N	f	Polyester	Wine Red	metal-detail-top	\N	\N	FT28
81	Satin Skirt with Net Overlay	Let compliments make their way with this gorgeous gold skirt. Teaming it with a blouse, heels and a statement clutch wouuld be the perfect look for an evening event.\r\n\r\n1. Smooth Satin Finish \r\n\r\n2. Cotton Net overlaying belt \r\n\r\n3. Concealed side zip closure 	1399.0	2017-01-24 12:51:37.223454	2017-02-13 14:27:51.139272	f	f	bottom.png	image/png	101506	2017-01-28 14:29:42.424054	About Fabric: \r\nPolyester Duchess Satin is a mid weight fabric with a luxurious soft sheen and lustrous body similar to that of silk satin. However it is much easier to maintain and is more durable since it is made entirely out of polyester fibres. \r\n\r\nHow to Wash: \r\nMachine wash in warm water with all purpose detergent. \r\n\r\nTip: \r\nDry on low. Use medium to low heat iron.	\N	f	Polyester Dutchess Satin	Lustrous Gold	satin-skirt-with-net-overlay	\N	\N	SK11
91	Overlapping Skirt	Make a stylish addition to your wardrobe. This overlap skirt is a must have for a fashion conscious lady! Warm up your evening with this skirt teaming it with a simple blouse.1. Overlapping front\n2. Front side button closure\n3. Smooth satiny finish fabric\n4. Front panels rounded at hem	1299.0	2017-01-24 12:51:37.441767	2017-02-13 14:27:51.176372	\N	\N	bottom.png	image/png	101506	2017-01-28 14:29:45.34107	About Fabric: Polyester Duchess Satin is a mid weight fabric with a luxurious soft sheen and lustrous body similar to that of silk satin. However it is much easier to maintain and is more durable since it is made entirely out of polyester fibres. \n\nHow to Wash: Machine wash in warm water with all purpose detergent. \n\nTip: Dry on low. Use medium to low heat iron.	\N	\N	\N	\N	overlapping-skirt-c875a447-9afa-468f-b9ea-98b86ff7c993	\N	\N	SK25.2
94	Black Pleated Culottes	Dating way back into the mid century era, culottes are a must have for your wardrobe. Pair them with a cold shoulder top and wedges for simple yet classy look. 1. Wide legged pants - Culottes Style\n2. Front zip closure\n3. Stylish front pleats, good fall	1599.0	2017-01-24 12:51:37.513519	2017-02-13 14:27:51.187287	\N	\N	size-chart-bottom.png	image/png	47099	2017-01-28 12:38:57.732358	About Fabric: Polyester is a shrink and water stain resistant synthetic fiber.  It is gaining popularity over other fibers due to its high durability and ease of maintenance. \n\nHow to wash: Machine-wash in warm water with all-purpose detergent. \n\nTip: Some synthetic fabrics produce static and may permanently wrinkle in a hot dryer, so dry on low. You can use fabric softener to curb static. Do not use bleach.	\N	\N	Polyester	Kohl Black	black-pleated-culottes-78881e73-b12c-45ac-9379-024de8fe082f	\N	\N	PT04.2
11	Ruff Collar Top	Pick this sleeveless top with the romantic victorian age inspired ruff collar for your perfect evening.\r\n\r\nWear this with a skirt and add the complete the look with your statement earrings.	999.0	2017-01-24 12:51:35.839676	2017-02-11 07:10:24.484083	f	f	tops.png	image/png	45411	2017-01-24 14:24:01.709342	About Fabric: \r\nCreated from wood pulp treated with chemicals, cool and comfortable rayon is considered a semisynthetic fabric. \r\n\r\nHow to wash: \r\nDry-clean or hand-wash in cold water with mild detergent.  Do not machine wash or tumble dry. Air-dry or lay flat to dry when soaking wet.\r\n\r\nTip: \r\nSince Rayon is a delicate fabric, it must be ironed inside out when slightly damp, on low to medium heat setting.	\N	f	\N	\N	ruff-collar-top-684ce80f-0b10-482c-b800-12f341c97c16	\N	\N	\N
93	Black Pleated Culottes	Dating way back into the mid century era, culottes are a must have for your wardrobe. Pair them with a cold shoulder top and wedges for simple yet classy look. 1. Wide legged pants - Culottes Style\r\n2. Front zip closure\r\n3. Stylish front pleats, good fall	1599.0	2017-01-24 12:51:37.496611	2017-02-11 07:10:24.918832	t	f	bottom.png	image/png	101506	2017-01-28 14:29:46.226774	About Fabric: Polyester is a shrink and water stain resistant synthetic fiber.  It is gaining popularity over other fibers due to its high durability and ease of maintenance. \r\n\r\nHow to wash: Machine-wash in warm water with all-purpose detergent. \r\n\r\nTip: Some synthetic fabrics produce static and may permanently wrinkle in a hot dryer, so dry on low. You can use fabric softener to curb static. Do not use bleach.	\N	f	Polyester	Kohl Black	black-pleated-culottes	\N	\N	\N
5	Jacket Style Slit Top	A nine to nine essential for your wardrobe, our signature jacket style top would surely add charm to your routine; casual day outing or a regular weekday at work. Team it up with a pair of slim pants and block heels for an effortless chic look.\r\n\r\n\r\n1. Front and Back Slits\r\n\r\n2. Light Stretch Fabric\r\n\r\n3. Curved Back Hem\r\n\r\n4. Front and Back Moon Patch\r\n\r\n5. Fully Lined\r\n\r\n6. Slip On Over 	2099.0	2017-01-24 12:51:35.728128	2017-02-13 14:27:50.748626	f	f	tops.png	image/png	108834	2017-01-28 14:29:20.332697	About Fabric: \r\nPolyester is a shrink and water stain resistant synthetic fiber.  It is gaining popularity over other fibers due to its high durability and ease of maintenance. \r\n\r\nHow to wash: \r\nMachine-wash in warm water with all-purpose detergent. \r\n\r\nTip: \r\nSome synthetic fabrics produce static and may permanently wrinkle in a hot dryer, so dry on low. You can use fabric softener to curb static. Do not use bleach.	\N	f	Polyester	White and Black	jacket-style-slit-top	\N	\N	FT01
22	Black Fitted Top	Win over the crowd. Versatile in itself, this top keeps the Indian and modern touch both intact. You could pair it with a long flared and loafers for a laid back yet stylish look.1. Round v Neckline \n2. Slim Fit\n3. Stretch Fabric\n4. Concealed side zip closure	1099.0	2017-01-24 12:51:36.034234	2017-02-13 14:27:50.825612	\N	\N	tops.png	image/png	108834	2017-01-28 14:29:25.395506	About Fabric: Cotton is derived fromt the fluffy parts of the cotton plant. This natural fabric has a tendency to shrink during the first few washes, therefore the fabric of all our cotton garments is pre-shrunk before construction. A touch of Spandex adds light stretch to the fabric thereby adding comfort and freedom of movement and improving the fit, shape retention, drape and wrinkle resistance of the fabric.\n\nHow to Wash: Machine wash in warm water with all-purpose detergent\n\nTip: Wash seperate colors. For best results, turn your machine to warm tumble dry after washing the garment. Liquid or home made Fabric softener can also be used. Sun may cause dark colors to fade off and light colors to yellow, therefore it is recommended to line-dry cottons in shade.	\N	\N	Cotton Spandex	Kohl Black	black-fitted-top	\N	\N	FT17
82	Textured Skirt with Front Cutout	We dress to impress, and this buClos signature cut-out skirt is a must have for your wardrobe. A trendy top with heels brings it a perfect finish. \r\n\r\n1. Heavy Textured Fabric with stretch for ease of movement. \r\n\r\n2. Reversed panel detail in front \r\n\r\n3. Concealed back zip closure \r\n\r\n4. Fit and flare style 	1799.0	2017-01-24 12:51:37.242718	2017-02-13 14:27:51.143506	f	f	bottom.png	image/png	101506	2017-01-28 14:29:42.696429	About Fabric: \r\nPolyester is a shrink and water stain resistant synthetic fiber.  It is gaining popularity over other fibers due to its high durability and ease of maintenance. \r\n\r\nHow to wash: \r\nMachine-wash in warm water with all-purpose detergent. \r\n\r\nTip: \r\nSome synthetic fabrics produce static and may permanently wrinkle in a hot dryer, so dry on low. You can use fabric softener to curb static. Do not use bleach.	\N	f	Polyester	Kohl Black	textured-skirt-with-front-cutout	\N	\N	SK13
20	Patch Pocket Top	Theres nothing simple when it's added with the patch pocket! Tread your day with this ever so sassy top; go ahaead and pair it with your favourite denims and canvas shoes for an effortlessly chic look.1. Contrast Patch Pocket\n2. Front Curved Hem\n3. Easy Fit\n4. Light Stretch Fabric\n5. Back Gold Zip Closure	1599.0	2017-01-24 12:51:35.998522	2017-02-11 07:10:24.526851	\N	\N	\N	\N	\N	\N	About Fabric: Polyester is a shrink and water stain resistant synthetic fiber.  It is gaining popularity over other fibers due to its high durability and ease of maintenance. \n\nHow to wash: Machine-wash in warm water with all-purpose detergent. \n\nTip: Some synthetic fabrics produce static and may permanently wrinkle in a hot dryer, so dry on low. You can use fabric softener to curb static. Do not use bleach.	\N	\N	Polyester	White and Black	patch-pocket-top	\N	\N	\N
13	Striped Shirt with Front Pockets	A classic style, reworked to meet the modern needs, this striped shirt finds a place in any wardrobe. Let it loose or tuck it in with your culottes, this loose fit shirt does justice to all.1. Large Front Pokets\n2. Front Open\n3. Loose Fit\n4. Inverted Pleat Back\n5. Curved Hem	1599.0	2017-01-24 12:51:35.884377	2017-02-13 14:27:50.790269	\N	\N	tops.png	image/png	108834	2017-01-28 14:29:22.623302	About Fabric: Polyester is a shrink and water stain resistant synthetic fiber.  It is gaining popularity over other fibers due to its high durability and ease of maintenance. \n\nHow to wash: Machine-wash in warm water with all-purpose detergent. \n\nTip: Some synthetic fabrics produce static and may permanently wrinkle in a hot dryer, so dry on low. You can use fabric softener to curb static. Do not use bleach.	\N	\N	Polyester	Zebra White	striped-shirt-with-front-pockets	\N	\N	FT09
55	Drop Waist Dress	Gear up for some smart street style with this nine to nine cool dress. Just lace up your shoes and get set to hit the day.1. Drop Waist Style\n2. Flared bottom\n3. Lightweight breathable fabric\n4. Collared with front button closure	1699.0	2017-01-24 12:51:36.739773	2017-02-13 14:27:50.996446	\N	\N	newdresses-size-chart.png	image/png	95306	2017-02-09 10:11:32.688743	About Fabric: Cotton is derived fromt the fluffy parts of the cotton plant. This natural fabric has a tendency to shrink during the first few washes, therefore the fabric of all our cotton garments is pre-shrunk before construction.\n\nHow to Wash: Machine-wash in cold or warm with all-purpose detergent.\n\nTip: Wash seperate colors. For best results, turn your machine to warm tumble dry after washing the garment. Liquid or home made Fabric softener can also be used. Sun may cause dark colors to fade off and light colors to yellow, therefore it is recommended to line-dry cottons in shade.	\N	\N	Cotton	Checkered White	drop-waist-dress	\N	\N	FD12
60	Block Dress With Scallop Hem	Rise up in fashion with this buClos signature. This elegant piece is a perfect pick for a corporate function or a black tie event. Complete the look with stilettos and a leather handbag.1. Scalloped Hem\n2. Fully Lined\n3. Kimono Sleeves\n4. Concealed Back Zip Closure	2899.0	2017-01-24 12:51:36.81958	2017-02-13 14:27:51.018114	\N	\N	newdresses-size-chart.png	image/png	95306	2017-02-09 10:11:34.870478	About Fabric: Polyester is a shrink and water stain resistant synthetic fiber.  It is gaining popularity over other fibers due to its high durability and ease of maintenance. \n\nHow to wash: Machine-wash in warm water with all-purpose detergent. \n\nTip: Some synthetic fabrics produce static and may permanently wrinkle in a hot dryer, so dry on low. You can use fabric softener to curb static. Do not use bleach.	\N	\N	Polyester	Black and White	block-dress-with-scallop-hem	\N	\N	FD16
68	Single Shoulder Asymmetric Dress	\nFlaunt your class with this piece from BuClos. This effortless and unfussy dress is sure to catch you enough second glances. Team it with pair of strappy flats to complete the look.1. Single Shoulder \n2. Bell Sleeve \n3. Asymmetrical Hem coordinated with shoulder  \n4. Concealed Side Zip Closure \n5. Lightweight fabric with smooth finish \n6. Lined	1699.0	2017-01-24 12:51:36.966795	2017-02-13 14:27:51.084996	\N	\N	newdresses-size-chart.png	image/png	95306	2017-02-09 10:11:38.38932	About Fabric: Polyester is a shrink and water stain resistant synthetic fiber.  It is gaining popularity over other fibers due to its high durability and ease of maintenance. \n\nHow to wash: Machine-wash in warm water with all-purpose detergent. \n\nTip: Some synthetic fabrics produce static and may permanently wrinkle in a hot dryer, so dry on low. You can use fabric softener to curb static. Do not use bleach.	\N	\N	Polyester	Candy Orange	single-shoulder-asymmetric-dress	\N	\N	CD09
92	Black Lined Culottes	\r\nThe most loved trend of culottes is here, a simple piece that could do rounds in being the best! Style them with a trendy top and pair in some versatile footwear\r\n\r\n1. Wide legged pants - Culottes Style\r\n\r\n2. Light georgette fabric with good fall\r\n\r\n3. Fully Lined\r\n\r\n4. Concealed side zip closure\r\n\r\n5. Comfort fit with elastic at back	1399.0	2017-01-24 12:51:37.45918	2017-02-13 14:27:51.179851	t	f	bottom.png	image/png	101506	2017-01-28 14:29:45.638681	About Fabric: \r\nPolyester is a shrink and water stain resistant synthetic fiber.  It is gaining popularity over other fibers due to its high durability and ease of maintenance. \r\n\r\nHow to wash: \r\nMachine-wash in warm water with all-purpose detergent. \r\n\r\nTip: \r\nSome synthetic fabrics produce static and may permanently wrinkle in a hot dryer, so dry on low. You can use fabric softener to curb static. Do not use bleach.	\N	f	Polyester	Kohl Black	black-lined-culottes	\N	\N	PT03
58	Striped Chambray Dress	A perfect pick when your day calls for running errands. A simple design exuding the grace. Embrace yourself in this effortless look.\n1. Easy Fit\n2. Side Slits\n3. Rounded Hem\n4. Front Button Closure	1699.0	2017-01-24 12:51:36.787406	2017-02-11 07:10:24.732523	\N	\N	\N	\N	\N	\N	About Fabric: Chambray is a lightweight cotton fabric that combines colored and white yarn.  Cotton is derived fromt the fluffy parts of the cotton plant. This natural fabric has a tendency to shrink during the first few washes, therefore the fabric of all our cotton garments is pre-shrunk before construction. \n\nHow to Wash: Machine wash in warm water with all-purpose detergent\n\nTip: Wash seperate colors. For best results, turn your machine to warm tumble dry after washing the garment. Liquid or home made Fabric softener can also be used. Sun may cause dark colors to fade off and light colors to yellow, therefore it is recommended to line-dry cottons in shade.	\N	\N	Chambray	Denim Blue	striped-chambray-dress-69be53cb-fa79-4ea9-8b07-82c2edd9230e	\N	\N	\N
44	Reverse Collar Peplum Dress	Pull together your edgy allure with this dress presented by BuClos. It's unique design is sure to fetch you second glances while you make your way to work.1. Reverse Collar\r\n2. Peplum Style\r\n3. Fully Lined\r\n4. Concealed back zip closure\r\n5. Fabric Waistbelt	1699.0	2017-01-24 12:51:36.531903	2017-02-13 14:27:50.931655	f	f	newdresses-size-chart.png	image/png	95306	2017-02-09 10:11:27.700317	About Fabric: Polyester viscose is a blend of viscose, which is a form of rayon, with polyester, which increases viscose's wet strength, giving it the durability to handle washing and drying by machine. The blend makes the fabric stronger, but it retains the same drape and feel of standard viscose rayon.\r\n\r\nHow to wash: Wash like colors only. Dry-clean or hand-wash in cold water with mild detergent.  Do not machine wash or tumble dry. Air-dry or lay flat to dry when soaking wet.\r\n\r\nTip: Low to medium heat iron. Iron inside out when slightly damp.	\N	f	Polyester Viscose	Midnight Blue	reverse-collar-peplum-dress	\N	\N	FD01
38	Cold Shoulder Top	Beckoning the quirky style, this cold shoulder top is perfect fit for a summer day out.\nLending a modern twist to the basics this top goes well tucked in with culottes or a pair of skinny lowers.1. Cold Shoulder\n2. Easy Fit\n3. Keyhole back closure\n4. Bell Sleeves	1399.0	2017-01-24 12:51:36.394949	2017-02-13 14:27:50.913284	\N	\N	tops.png	image/png	108834	2017-01-28 14:29:30.809814	About Fabric: Polyester is a shrink and water stain resistant synthetic fiber.  It is gaining popularity over other fibers due to its high durability and ease of maintenance. \n\nHow to wash: Machine-wash in warm water with all-purpose detergent. \n\nTip: Some synthetic fabrics produce static and may permanently wrinkle in a hot dryer, so dry on low. You can use fabric softener to curb static. Do not use bleach.	\N	\N	Polyester	Wine Red	cold-shoulder-top	\N	\N	CT11
72	Piped Square Neck dress	Cast a spell on the onlookers with this romance blooming black evening dress. Gets all your details summed into one. Style it  with a clutch and pumps.\r\n\r\n1. Square neckline \r\n\r\n2. Piped neck and waist\r\n \r\n3. Flare bottom sleeves with elastic \r\n\r\n4. Lined \r\n\r\n5. Concealed side zip closure	1599.0	2017-01-24 12:51:37.050854	2017-02-13 14:27:51.101489	f	f	newdresses-size-chart.png	image/png	95306	2017-02-09 10:11:40.233406	About Fabric: \r\nPolyester is a shrink and water stain-resistant synthetic fiber.  It is gaining popularity over other fibers due to its high durability and ease of maintenance. \r\n\r\nHow to wash: \r\nMachine-wash in warm water with all-purpose detergent. \r\n\r\nTip: \r\nSome synthetic fabrics produce static and may permanently wrinkle in a hot dryer, so dry on low. You can use fabric softener to curb static. Do not use bleach.	\N	f	Polyester	Kohl Black	piped-square-neck-dress	\N	\N	MD16
90	Overlapping Skirt	Make a stylish addition to your wardrobe. This overlap skirt is a must have for a fashion conscious lady! Warm up your evening with this skirt teaming it with a simple blouse.1. Overlapping front\n2. Front side button closure\n3. Smooth satiny finish fabric\n4. Front panels rounded at hem	1299.0	2017-01-24 12:51:37.422478	2017-02-11 07:10:24.905451	\N	\N	size-chart-bottom.png	image/png	47099	2017-01-28 12:38:56.879453	About Fabric: Polyester Duchess Satin is a mid weight fabric with a luxurious soft sheen and lustrous body similar to that of silk satin. However it is much easier to maintain and is more durable since it is made entirely out of polyester fibres. \n\nHow to Wash: Machine wash in warm water with all purpose detergent. \n\nTip: Dry on low. Use medium to low heat iron.	\N	\N	Polyester Dutchess Satin	Blaze Red	overlapping-skirt	\N	\N	\N
40	Cold Shoulder Top	Get off the load from your shoulders. This cold shoulder top is perfect pick for a summer day out. Team  it with pair of culottes or distressed denims and sassy sneakers and get going  for your day out.1. Cold Shoulder\n2. Easy Fit\n3. Keyhole Back Closure\n4. Bell Sleeves\n5. Light Stretch Fabric	1399.0	2017-01-24 12:51:36.446161	2017-02-11 07:10:24.632455	\N	\N	\N	\N	\N	\N	About Fabric: Polyester is a shrink and water stain resistant synthetic fiber.  It is gaining popularity over other fibers due to its high durability and ease of maintenance. \n\nHow to wash: Machine-wash in warm water with all-purpose detergent. \n\nTip: Some synthetic fabrics produce static and may permanently wrinkle in a hot dryer, so dry on low. You can use fabric softener to curb static. Do not use bleach.	\N	\N	Polyester	Purple Jam	cold-shoulder-top-cc1d2af8-db1c-41bd-a9b7-d714ef43af22	\N	\N	\N
52	Bow Sheath Dress	Ace with grace, the flattering sheath dress hands you the perfect romantic factor with a dash of elegance. Carry it with your sparkly clutch and those favorite black heels for a cocktail event and watch those heads turn!\r\n\r\n1. Sheath Style \r\n\r\n2. Flattering Fit \r\n\r\n3. Fully Lined\r\n\r\n4. Concealed Back Zip Closure\r\n\r\n5. Light stretch fabric	1699.0	2017-01-24 12:51:36.692426	2017-02-13 14:27:50.973829	f	f	newdresses-size-chart.png	image/png	95306	2017-02-09 10:11:31.383782	About Fabric: \r\nCotton is derived front the fluffy parts of the cotton plant. This natural fabric has a tendency to shrink during the first few washes, therefore the fabric of all our cotton garments is pre-shrunk before construction. A touch of Spandex adds light stretch to the fabric thereby adding comfort and freedom of movement and improving the fit, shape retention, drape and wrinkle resistance of the fabric.\r\n\r\nHow to Wash: \r\nMachine wash in warm water with all-purpose detergent\r\n\r\nTip:\r\nWash separate colors. For best results, turn your machine to warm tumble dry after washing the garment. Liquid or home made Fabric softener can also be used. Sun may cause dark colors to fade off and light colors to yellow, therefore it is recommended to line-dry cottons in shade.	\N	f	Cotton Spandex	Midnight Blue	bow-sheath-dress	\N	\N	FD09
83	Asymmetric Faux Wrap Skirt	Leave your elegant impression with must have black skirt. Tuck in your top and put in your high heels for an unforgetting impression\r\n\r\n1.Asymmetric front with faux wrap detail.\r\n \r\n2. Heavy Textured fabric with stretch \r\n\r\n3. A-line cut \r\n\r\n4. Concealed side zip closure	1099.0	2017-01-24 12:51:37.290338	2017-02-13 14:27:51.14755	f	f	bottom.png	image/png	101506	2017-01-28 14:29:42.990864	About Fabric: \r\nPolyester is a shrink and water stain resistant synthetic fiber.  It is gaining popularity over other fibers due to its high durability and ease of maintenance. \r\n\r\nHow to wash: \r\nMachine-wash in warm water with all-purpose detergent. \r\n\r\nTip: \r\nSome synthetic fabrics produce static and may permanently wrinkle in a hot dryer, so dry on low. You can use fabric softener to curb static. Do not use bleach.	\N	f	Polyester	Kohl Black	asymmetric-faux-wrap-skirt	\N	\N	SK14
89	Flared Velvet Skirt	We take to your playful side this flirty piece. With the velvet fabric bringing it smooth and shiny touch this skirt is sure to be perfect pick for your day out. Pair it with a crop top and cut out heels. 1. Flared Skirt\n2. Smooth velvet fabric with good fall\n3. Concealed back zip closure	1599.0	2017-01-24 12:51:37.402036	2017-02-13 14:27:51.16976	\N	\N	bottom.png	image/png	101506	2017-01-28 14:29:44.724812	About Fabric: Velvet is a type of woven tufted fabric in which the cut threads are evenly distributed, with a short dense pile, giving it a distinctive feel.\n\nHow to wash: Wash like colors only. Dry-clean or hand-wash in cold water with mild detergent.  Do not machine wash or tumble dry. Air-dry or lay flat to dry when soaking wet.\n\nTip: Low to medium heat iron. Iron inside out.	\N	\N	Velvet	Black Pearl	flared-velvet-skirt	\N	\N	SK24
\.


--
-- Name: products_id_seq; Type: SEQUENCE SET; Schema: public; Owner: postgres
--

SELECT pg_catalog.setval('products_id_seq', 94, true);


--
-- Data for Name: schema_migrations; Type: TABLE DATA; Schema: public; Owner: postgres
--

COPY schema_migrations (version) FROM stdin;
20161217134205
20161217134809
20161222110954
20161222111428
20161222111905
20161222113130
20161222113431
20161222113818
20161222114741
20170104103022
20170104114803
20170104115755
20170104115915
20170105122948
20170106045338
20170106051919
20170106052927
20170106053657
20170106055629
20170106072703
20170106113849
20170106114332
20170106122045
20170107100452
20170107110259
20170107111732
20170108100619
20170109051600
20170109052624
20170109081725
20170109095739
20170109121801
20170109122453
20170109123000
20170109124241
20170109124805
20170109130213
20170110060316
20170110073747
20170110080129
20170110100853
20170111134126
20170112063935
20170112074234
20170112074519
20170113055602
20170113083858
20170113101430
20170113102718
20170113125806
20170115073829
20170117051540
20170117054102
20170117103640
20170117104709
20170117134253
20170118143538
20170119175841
20170123074013
20170123080152
20170124080738
20170124081914
20170124085721
20170124090622
20170124104632
20170127093347
20170128121025
20170129105927
20170130071300
20170131033737
20170131033824
20170131044203
20170131054744
20170201135851
20170202073425
20170202133248
20170205115406
20170205143720
20170211060300
20170211061457
20170211062416
20170211064701
20170211095932
20170211130037
20170213052403
20170213055854
20170213101717
\.


--
-- Data for Name: shipping_addresses; Type: TABLE DATA; Schema: public; Owner: postgres
--

COPY shipping_addresses (id, name, country, state, city, address1, address2, cart_id, created_at, updated_at, email, user_id, mobile) FROM stdin;
1	Rahul Iyer	IN	\N	\N	B/4/83 Goyal Intercity Near SAL hospital	TV Tower	1	2017-01-19 14:07:26.690774	2017-01-19 14:07:26.690774	rahulshankariyer@yahoo.in	\N	9687363668
2	kedar	IN	\N	\N	address1	address2	2	2017-01-19 14:46:58.725615	2017-01-19 14:46:58.725615	kedarrampathak@gmail.com	\N	9763370419
3	Rahul Iyer	IN	\N	\N	B/4/83 Goyal Intercity Near SAL hospital	TV Tower	3	2017-01-19 14:54:44.294827	2017-01-19 14:54:44.294827	rahul@geeksofdigital.io	\N	9687363668
4	Bhavit Dagli	IN	\N	\N	C 401	Gurukul	5	2017-01-19 16:34:02.228475	2017-01-19 16:34:02.228475	bhavit.d@gmail.com	\N	9898231353
5	Rahul Iyer	IN	\N	\N	B/4/83 Goyal Intercity Near SAL hospital	TV Tower	11	2017-01-30 08:22:11.240137	2017-01-30 08:22:11.240137	rahulshankariyer@yahoo.in	\N	9687363668
6	john		\N	\N	dfsafa	faaafa	10	2017-01-30 14:50:03.202807	2017-01-30 14:50:03.202807	john@geeksofdigital.io	\N	55555888888
7	asdasd		\N	\N	asdasdasd	rahul@geeksofdigital.io	16	2017-01-31 14:17:47.412501	2017-01-31 14:18:11.113709	9687363668	\N	9687363668
8	stephen paul	IN	\N	\N	42 Pooja BUNGALOWS		28	2017-02-03 08:58:44.853689	2017-02-03 08:58:44.853689	vulture.paul964@gmail.com	\N	8733916014
9	just test	IN	\N	\N	just test	just test	37	2017-02-08 05:07:33.262463	2017-02-08 05:07:33.262463	kedarrampathak@gmail.com	\N	9763370419
10	mansi sharma	IN	\N	\N	F -1 Sector 6 Rohini		38	2017-02-08 09:09:13.667104	2017-02-08 09:09:13.667104	mansi.sharma1909@gmail.com	\N	8447360808
11	name	IN	\N	\N	address1	address2	42	2017-02-08 15:15:52.398919	2017-02-08 15:15:52.398919	kedarrampathak@gmail.com	\N	9763370419
12	name	IN	\N	\N	address	address2	43	2017-02-08 15:19:21.914992	2017-02-08 15:19:21.914992	kedarrampathak@gmail.com	\N	9763370419
13	hjkhjh	IN	\N	\N	jhbjhb	jhjbh	44	2017-02-08 16:16:37.384123	2017-02-08 16:16:37.384123	kedarrampathak@gmail.com	\N	9763370419
14	name test	IN	\N	\N	test address1	test address2	46	2017-02-09 10:25:08.472026	2017-02-09 10:25:56.129384	kedarrampathak@gmail.com	\N	9763370419
15	hhbhb	IN	\N	\N	hbhb	hhbhb	47	2017-02-10 10:20:15.637637	2017-02-10 10:20:15.637637	kedarrampathak@gmail.com	\N	9763370419
16	jhjh	IN	\N	\N	jh	j	48	2017-02-10 10:23:56.71681	2017-02-10 10:23:56.71681	kedarrampathak@gmail.com	\N	hbj
17	jhbjhb	AL	\N	\N	jhjhb	jh	49	2017-02-10 10:28:29.736071	2017-02-10 10:28:29.736071	kedarrampathak@gmail.com	\N	hbj
18	kedar	IN	\N	\N	address	addreess	50	2017-02-14 10:25:00.937652	2017-02-14 10:28:04.856295	kedarrampathak@gmail.com	\N	9763370419
19	Neha Sharma	IN	\N	\N	CBRE, GF 4 Parliament Street	PTI Building	52	2017-02-27 06:43:21.484433	2017-02-27 06:43:21.484433	neha.sep12@gmail.com	\N	9999155115
\.


--
-- Name: shipping_addresses_id_seq; Type: SEQUENCE SET; Schema: public; Owner: postgres
--

SELECT pg_catalog.setval('shipping_addresses_id_seq', 19, true);


--
-- Data for Name: smsintegrations; Type: TABLE DATA; Schema: public; Owner: postgres
--

COPY smsintegrations (id, created_at, updated_at) FROM stdin;
\.


--
-- Name: smsintegrations_id_seq; Type: SEQUENCE SET; Schema: public; Owner: postgres
--

SELECT pg_catalog.setval('smsintegrations_id_seq', 1, false);


--
-- Data for Name: subscribe_newsletters; Type: TABLE DATA; Schema: public; Owner: postgres
--

COPY subscribe_newsletters (id, email, created_at, updated_at) FROM stdin;
1	neha.sep12@gmail.com	2017-01-19 14:37:41.432524	2017-01-19 14:37:41.432524
2	neha.sep12@gmail.com	2017-01-25 07:32:55.980458	2017-01-25 07:32:55.980458
3	rahul@geeksofdigital.io	2017-01-25 07:32:57.719538	2017-01-25 07:32:57.719538
4	mrinalbenipuri@gmail.com	2017-01-28 13:06:52.521379	2017-01-28 13:06:52.521379
5	mrinalbenipuri@gmail.com	2017-01-29 10:30:24.642866	2017-01-29 10:30:24.642866
6	rahul@geeksofdigital.io	2017-01-30 11:01:26.350847	2017-01-30 11:01:26.350847
7	rahul@geeksofdigital.io	2017-01-30 11:01:58.37968	2017-01-30 11:01:58.37968
8	kedarrampathak@gmail.com	2017-02-01 12:41:21.606398	2017-02-01 12:41:21.606398
9	kedarrampathak@gmail.com	2017-02-01 12:47:13.963779	2017-02-01 12:47:13.963779
10	kedarrampathak@gmail.com	2017-02-01 12:48:39.147658	2017-02-01 12:48:39.147658
11	kedarrampathak@gmail.com	2017-02-01 12:51:18.181764	2017-02-01 12:51:18.181764
12	kedarrampathak@gmail.com	2017-02-01 12:53:59.755144	2017-02-01 12:53:59.755144
13	kedarrampathak@gmail.com	2017-02-01 12:57:48.822582	2017-02-01 12:57:48.822582
14	kedarrampathak@gmail.com	2017-02-01 13:00:48.670452	2017-02-01 13:00:48.670452
15	kedarrampathak@gmail.com	2017-02-01 13:02:32.564917	2017-02-01 13:02:32.564917
16	rahul@geeksofdigital.io	2017-02-02 07:51:34.829016	2017-02-02 07:51:34.829016
17	john@geeksofdigital.io	2017-02-03 06:26:53.762856	2017-02-03 06:26:53.762856
18	neha.sep12@gmail.com	2017-02-03 09:11:41.597997	2017-02-03 09:11:41.597997
\.


--
-- Name: subscribe_newsletters_id_seq; Type: SEQUENCE SET; Schema: public; Owner: postgres
--

SELECT pg_catalog.setval('subscribe_newsletters_id_seq', 18, true);


--
-- Data for Name: testmes; Type: TABLE DATA; Schema: public; Owner: postgres
--

COPY testmes (id, created_at, updated_at) FROM stdin;
\.


--
-- Name: testmes_id_seq; Type: SEQUENCE SET; Schema: public; Owner: postgres
--

SELECT pg_catalog.setval('testmes_id_seq', 1, false);


--
-- Data for Name: users; Type: TABLE DATA; Schema: public; Owner: postgres
--

COPY users (id, email, encrypted_password, reset_password_token, reset_password_sent_at, remember_created_at, sign_in_count, current_sign_in_at, last_sign_in_at, current_sign_in_ip, last_sign_in_ip, created_at, updated_at, provider, uid, first_name, last_name, mobile_no) FROM stdin;
57	neha.sep12@gmail.com	$2a$11$J8Z2iQQsh33g2IlO1qrhk.E4.En65cV8Rd2QUObcdl/IcrPhhc6ZO	\N	\N	\N	3	2017-02-27 13:07:49.005389	2017-02-27 06:48:19.303577	117.198.122.133	117.198.122.133	2017-02-21 14:43:29.816125	2017-02-27 13:07:49.007417	\N	\N	Neha	Sharma	9999155115
56	email@emailvam.xyz	$2a$11$iyWe/Xh5qWlrUlKjW6vwROWqHAV3.hXOcowpO49c01JCvFSmyRXMG	\N	\N	\N	1	2017-02-20 07:02:42.495668	2017-02-20 07:02:42.495668	146.185.223.45	146.185.223.45	2017-02-20 07:02:39.086645	2017-02-20 07:02:44.256753	\N	\N	BranAudisp	BranAudisp	Pineapple express
54	rahul@geeksofdigital.io	$2a$11$MOlRWM1VSubPNKCnQvXOxOQx9yV/LaoJX4MuOcsSWstNoV0zFUThK	\N	\N	\N	2	2017-02-21 11:59:47.278838	2017-02-09 10:01:27.384444	122.170.114.21	122.170.114.21	2017-02-09 10:01:26.220421	2017-02-21 11:59:47.280346	\N	\N	Rahul	Iyer	\N
53	kedarrampathak@gmail.com	$2a$11$rIgxPG1sEWKZCI5427xVP.w8U3PrfyEvsmMIQUUmH/jfcZVpT/h9S	\N	\N	\N	4	2017-02-21 14:21:14.265692	2017-02-14 10:15:59.323542	116.74.186.152	116.75.187.105	2017-02-09 10:00:51.123317	2017-02-21 14:21:14.267542	\N	\N	kedar	pathak	\N
\.


--
-- Name: users_id_seq; Type: SEQUENCE SET; Schema: public; Owner: postgres
--

SELECT pg_catalog.setval('users_id_seq', 57, true);


--
-- Data for Name: variants; Type: TABLE DATA; Schema: public; Owner: postgres
--

COPY variants (id, description, price, product_id, active, created_at, updated_at, image_file_name, image_content_type, image_file_size, image_updated_at) FROM stdin;
\.


--
-- Name: variants_id_seq; Type: SEQUENCE SET; Schema: public; Owner: postgres
--

SELECT pg_catalog.setval('variants_id_seq', 1, false);


--
-- Name: banners banners_pkey; Type: CONSTRAINT; Schema: public; Owner: postgres
--

ALTER TABLE ONLY banners
    ADD CONSTRAINT banners_pkey PRIMARY KEY (id);


--
-- Name: blogs blogs_pkey; Type: CONSTRAINT; Schema: public; Owner: postgres
--

ALTER TABLE ONLY blogs
    ADD CONSTRAINT blogs_pkey PRIMARY KEY (id);


--
-- Name: cart_items_customoptionimages cart_items_customoptionimages_pkey; Type: CONSTRAINT; Schema: public; Owner: postgres
--

ALTER TABLE ONLY cart_items_customoptionimages
    ADD CONSTRAINT cart_items_customoptionimages_pkey PRIMARY KEY (id);


--
-- Name: cart_items cart_items_pkey; Type: CONSTRAINT; Schema: public; Owner: postgres
--

ALTER TABLE ONLY cart_items
    ADD CONSTRAINT cart_items_pkey PRIMARY KEY (id);


--
-- Name: cartitemcustomoptions cartitemcustomoptions_pkey; Type: CONSTRAINT; Schema: public; Owner: postgres
--

ALTER TABLE ONLY cartitemcustomoptions
    ADD CONSTRAINT cartitemcustomoptions_pkey PRIMARY KEY (id);


--
-- Name: carts_customoptionimages carts_customoptionimages_pkey; Type: CONSTRAINT; Schema: public; Owner: postgres
--

ALTER TABLE ONLY carts_customoptionimages
    ADD CONSTRAINT carts_customoptionimages_pkey PRIMARY KEY (id);


--
-- Name: carts carts_pkey; Type: CONSTRAINT; Schema: public; Owner: postgres
--

ALTER TABLE ONLY carts
    ADD CONSTRAINT carts_pkey PRIMARY KEY (id);


--
-- Name: categories categories_pkey; Type: CONSTRAINT; Schema: public; Owner: postgres
--

ALTER TABLE ONLY categories
    ADD CONSTRAINT categories_pkey PRIMARY KEY (id);


--
-- Name: categorizations categorizations_pkey; Type: CONSTRAINT; Schema: public; Owner: postgres
--

ALTER TABLE ONLY categorizations
    ADD CONSTRAINT categorizations_pkey PRIMARY KEY (id);


--
-- Name: colors colors_pkey; Type: CONSTRAINT; Schema: public; Owner: postgres
--

ALTER TABLE ONLY colors
    ADD CONSTRAINT colors_pkey PRIMARY KEY (id);


--
-- Name: colors_products colors_products_pkey; Type: CONSTRAINT; Schema: public; Owner: postgres
--

ALTER TABLE ONLY colors_products
    ADD CONSTRAINT colors_products_pkey PRIMARY KEY (id);


--
-- Name: contact_forms contact_forms_pkey; Type: CONSTRAINT; Schema: public; Owner: postgres
--

ALTER TABLE ONLY contact_forms
    ADD CONSTRAINT contact_forms_pkey PRIMARY KEY (id);


--
-- Name: coupon_codes coupon_codes_pkey; Type: CONSTRAINT; Schema: public; Owner: postgres
--

ALTER TABLE ONLY coupon_codes
    ADD CONSTRAINT coupon_codes_pkey PRIMARY KEY (id);


--
-- Name: custom_designs custom_designs_pkey; Type: CONSTRAINT; Schema: public; Owner: postgres
--

ALTER TABLE ONLY custom_designs
    ADD CONSTRAINT custom_designs_pkey PRIMARY KEY (id);


--
-- Name: custom_mesurments custom_mesurments_pkey; Type: CONSTRAINT; Schema: public; Owner: postgres
--

ALTER TABLE ONLY custom_mesurments
    ADD CONSTRAINT custom_mesurments_pkey PRIMARY KEY (id);


--
-- Name: custome_options custome_options_pkey; Type: CONSTRAINT; Schema: public; Owner: postgres
--

ALTER TABLE ONLY custome_options
    ADD CONSTRAINT custome_options_pkey PRIMARY KEY (id);


--
-- Name: custome_options_products custome_options_products_pkey; Type: CONSTRAINT; Schema: public; Owner: postgres
--

ALTER TABLE ONLY custome_options_products
    ADD CONSTRAINT custome_options_products_pkey PRIMARY KEY (id);


--
-- Name: custome_options_variants custome_options_variants_pkey; Type: CONSTRAINT; Schema: public; Owner: postgres
--

ALTER TABLE ONLY custome_options_variants
    ADD CONSTRAINT custome_options_variants_pkey PRIMARY KEY (id);


--
-- Name: customoptionimages customoptionimages_pkey; Type: CONSTRAINT; Schema: public; Owner: postgres
--

ALTER TABLE ONLY customoptionimages
    ADD CONSTRAINT customoptionimages_pkey PRIMARY KEY (id);


--
-- Name: friendly_id_slugs friendly_id_slugs_pkey; Type: CONSTRAINT; Schema: public; Owner: postgres
--

ALTER TABLE ONLY friendly_id_slugs
    ADD CONSTRAINT friendly_id_slugs_pkey PRIMARY KEY (id);


--
-- Name: importexcels importexcels_pkey; Type: CONSTRAINT; Schema: public; Owner: postgres
--

ALTER TABLE ONLY importexcels
    ADD CONSTRAINT importexcels_pkey PRIMARY KEY (id);


--
-- Name: middleimages middleimages_pkey; Type: CONSTRAINT; Schema: public; Owner: postgres
--

ALTER TABLE ONLY middleimages
    ADD CONSTRAINT middleimages_pkey PRIMARY KEY (id);


--
-- Name: mobile_banners mobile_banners_pkey; Type: CONSTRAINT; Schema: public; Owner: Angelo
--

ALTER TABLE ONLY mobile_banners
    ADD CONSTRAINT mobile_banners_pkey PRIMARY KEY (id);


--
-- Name: option_values option_values_pkey; Type: CONSTRAINT; Schema: public; Owner: postgres
--

ALTER TABLE ONLY option_values
    ADD CONSTRAINT option_values_pkey PRIMARY KEY (id);


--
-- Name: options options_pkey; Type: CONSTRAINT; Schema: public; Owner: postgres
--

ALTER TABLE ONLY options
    ADD CONSTRAINT options_pkey PRIMARY KEY (id);


--
-- Name: options_products options_products_pkey; Type: CONSTRAINT; Schema: public; Owner: postgres
--

ALTER TABLE ONLY options_products
    ADD CONSTRAINT options_products_pkey PRIMARY KEY (id);


--
-- Name: options_variants options_variants_pkey; Type: CONSTRAINT; Schema: public; Owner: postgres
--

ALTER TABLE ONLY options_variants
    ADD CONSTRAINT options_variants_pkey PRIMARY KEY (id);


--
-- Name: orders orders_pkey; Type: CONSTRAINT; Schema: public; Owner: postgres
--

ALTER TABLE ONLY orders
    ADD CONSTRAINT orders_pkey PRIMARY KEY (id);


--
-- Name: paytms paytms_pkey; Type: CONSTRAINT; Schema: public; Owner: postgres
--

ALTER TABLE ONLY paytms
    ADD CONSTRAINT paytms_pkey PRIMARY KEY (id);


--
-- Name: product_galleries product_galleries_pkey; Type: CONSTRAINT; Schema: public; Owner: postgres
--

ALTER TABLE ONLY product_galleries
    ADD CONSTRAINT product_galleries_pkey PRIMARY KEY (id);


--
-- Name: productcolors productcolors_pkey; Type: CONSTRAINT; Schema: public; Owner: postgres
--

ALTER TABLE ONLY productcolors
    ADD CONSTRAINT productcolors_pkey PRIMARY KEY (id);


--
-- Name: productdiscounts productdiscounts_pkey; Type: CONSTRAINT; Schema: public; Owner: postgres
--

ALTER TABLE ONLY productdiscounts
    ADD CONSTRAINT productdiscounts_pkey PRIMARY KEY (id);


--
-- Name: products products_pkey; Type: CONSTRAINT; Schema: public; Owner: postgres
--

ALTER TABLE ONLY products
    ADD CONSTRAINT products_pkey PRIMARY KEY (id);


--
-- Name: shipping_addresses shipping_addresses_pkey; Type: CONSTRAINT; Schema: public; Owner: postgres
--

ALTER TABLE ONLY shipping_addresses
    ADD CONSTRAINT shipping_addresses_pkey PRIMARY KEY (id);


--
-- Name: smsintegrations smsintegrations_pkey; Type: CONSTRAINT; Schema: public; Owner: postgres
--

ALTER TABLE ONLY smsintegrations
    ADD CONSTRAINT smsintegrations_pkey PRIMARY KEY (id);


--
-- Name: subscribe_newsletters subscribe_newsletters_pkey; Type: CONSTRAINT; Schema: public; Owner: postgres
--

ALTER TABLE ONLY subscribe_newsletters
    ADD CONSTRAINT subscribe_newsletters_pkey PRIMARY KEY (id);


--
-- Name: testmes testmes_pkey; Type: CONSTRAINT; Schema: public; Owner: postgres
--

ALTER TABLE ONLY testmes
    ADD CONSTRAINT testmes_pkey PRIMARY KEY (id);


--
-- Name: users users_pkey; Type: CONSTRAINT; Schema: public; Owner: postgres
--

ALTER TABLE ONLY users
    ADD CONSTRAINT users_pkey PRIMARY KEY (id);


--
-- Name: variants variants_pkey; Type: CONSTRAINT; Schema: public; Owner: postgres
--

ALTER TABLE ONLY variants
    ADD CONSTRAINT variants_pkey PRIMARY KEY (id);


--
-- Name: index_categories_on_slug; Type: INDEX; Schema: public; Owner: postgres
--

CREATE UNIQUE INDEX index_categories_on_slug ON categories USING btree (slug);


--
-- Name: index_categorizations_on_category_id; Type: INDEX; Schema: public; Owner: postgres
--

CREATE INDEX index_categorizations_on_category_id ON categorizations USING btree (category_id);


--
-- Name: index_categorizations_on_product_id; Type: INDEX; Schema: public; Owner: postgres
--

CREATE INDEX index_categorizations_on_product_id ON categorizations USING btree (product_id);


--
-- Name: index_friendly_id_slugs_on_slug_and_sluggable_type; Type: INDEX; Schema: public; Owner: postgres
--

CREATE INDEX index_friendly_id_slugs_on_slug_and_sluggable_type ON friendly_id_slugs USING btree (slug, sluggable_type);


--
-- Name: index_friendly_id_slugs_on_slug_and_sluggable_type_and_scope; Type: INDEX; Schema: public; Owner: postgres
--

CREATE UNIQUE INDEX index_friendly_id_slugs_on_slug_and_sluggable_type_and_scope ON friendly_id_slugs USING btree (slug, sluggable_type, scope);


--
-- Name: index_friendly_id_slugs_on_sluggable_id; Type: INDEX; Schema: public; Owner: postgres
--

CREATE INDEX index_friendly_id_slugs_on_sluggable_id ON friendly_id_slugs USING btree (sluggable_id);


--
-- Name: index_friendly_id_slugs_on_sluggable_type; Type: INDEX; Schema: public; Owner: postgres
--

CREATE INDEX index_friendly_id_slugs_on_sluggable_type ON friendly_id_slugs USING btree (sluggable_type);


--
-- Name: index_products_on_slug; Type: INDEX; Schema: public; Owner: postgres
--

CREATE UNIQUE INDEX index_products_on_slug ON products USING btree (slug);


--
-- Name: index_users_on_email; Type: INDEX; Schema: public; Owner: postgres
--

CREATE UNIQUE INDEX index_users_on_email ON users USING btree (email);


--
-- Name: index_users_on_reset_password_token; Type: INDEX; Schema: public; Owner: postgres
--

CREATE UNIQUE INDEX index_users_on_reset_password_token ON users USING btree (reset_password_token);


--
-- Name: unique_schema_migrations; Type: INDEX; Schema: public; Owner: postgres
--

CREATE UNIQUE INDEX unique_schema_migrations ON schema_migrations USING btree (version);


--
-- Name: categorizations fk_rails_039e11056a; Type: FK CONSTRAINT; Schema: public; Owner: postgres
--

ALTER TABLE ONLY categorizations
    ADD CONSTRAINT fk_rails_039e11056a FOREIGN KEY (product_id) REFERENCES products(id);


--
-- Name: categorizations fk_rails_5a40b79a1d; Type: FK CONSTRAINT; Schema: public; Owner: postgres
--

ALTER TABLE ONLY categorizations
    ADD CONSTRAINT fk_rails_5a40b79a1d FOREIGN KEY (category_id) REFERENCES categories(id);


--
-- Name: product_galleries fk_rails_a8d5fd5e3a; Type: FK CONSTRAINT; Schema: public; Owner: postgres
--

ALTER TABLE ONLY product_galleries
    ADD CONSTRAINT fk_rails_a8d5fd5e3a FOREIGN KEY (product_id) REFERENCES products(id);


--
-- PostgreSQL database dump complete
--

